question,category,difficulty,a1,p1,a2,p2,a3,p3,a4,p4,a5,p5,a6,p6
اذكر شي تستخدمه كل يوم من الصبح,حياة يومية,سهل,فرشاة الأسنان,35,الجوال,25,الماء,18,المنبه,10,القهوة,7,المرآة,5
اذكر عذر يقوله الواحد لما يتأخر على دوامه,حياة يومية,متوسط,الزحمة,28,ما صحيت من النوم,23,السيارة خربت,18,فيه حادث بالطريق,14,كنت تعبان,10,نسيت شي ورجعت,7
اذكر شي يضيّع وقت الناس,حياة يومية,سهل,الجوال,30,السوشال ميديا,25,التلفزيون,18,الألعاب,12,الزحمة,10,كثر النوم,5
اذكر شي ينساه أغلب الناس وهم يجهزون شنطة السفر,سفر,صعب,الشاحن,24,فرشاة الأسنان,20,الدوا,17,محوّل الكهرباء,15,جاكيت للبرد,13,الشبشب,11
اذكر شي الناس تنساه كثير,حياة يومية,سهل,المفاتيح,32,الجوال,26,المحفظة,18,أسماء الناس,12,المواعيد,7,الشاحن,5
اذكر شي يفرّح الناس,مشاعر,متوسط,العيد,28,الراتب,23,خبر زواج,18,النجاح,14,الإجازة,10,مولود جديد,7
اذكر شي يجيب صداع,صحة,متوسط,قلة النوم,26,حر الشمس,22,الصوت العالي,19,الجوع,15,كثر الشاشات,11,التفكير والضغط,7
اذكر شي يخوّف الأطفال,أطفال,سهل,الظلام,30,الإبرة,25,الحشرات,18,الأصوات العالية,12,يجلس لحاله,10,دكتور الأسنان,5
اذكر خدمة تسويها من جوالك بدال ما تروح لها,تقنية,متوسط,تحويل فلوس,27,تطلب أكل,22,تحجز موعد,18,تجدد الاستمارة,14,تطلب توصيلة,11,تشتري أونلاين,8
اذكر شي لونه أحمر,عام,سهل,الدم,35,الطماطم,25,التفاح,18,الفراولة,10,الورد,7,الفلفل الحار,5
اذكر شي ما يخلو منه أي مطبخ,بيت,سهل,ملح,32,زيت,26,سكر,18,ملاعق وشوك,12,صحون,7,رز,5
اذكر سبب يخلي الواحد ما يقدر ينام,حياة يومية,متوسط,التفكير والهم,28,الجوال,23,القهوة,18,الصوت والزعاج,14,وجع أو مرض,10,الحر,7
اذكر شي يسويه الناس وهم يسوقون غير السواقة,حياة يومية,متوسط,يسمع أغاني,26,يتكلم بالجوال,22,ياكل أو يشرب,19,يسولف مع اللي معه,15,يشرب قهوة,11,يتصور,7
اذكر شي الناس تشتريه وهي ما تحتاجه,عام,متوسط,ملابس زيادة,27,أكل أكثر من اللزوم,22,إلكترونيات,18,عطور,14,ألعاب,11,أغراض من التخفيضات,8
اذكر مكان تروح له لما تطفش,ترفيه,سهل,المول,30,الكافيه,25,البحر أو الكورنيش,18,بيت صاحبك,12,السينما,10,الحديقة,5
اذكر أول شي تسويه أول ما تصحى,حياة يومية,سهل,تشيك الجوال,35,تروح الحمام,25,تشرب ماء,18,تصلي,10,تسوي قهوة,7,تتمطى,5
اذكر شي غالي وناس كثير تحلم فيه,عام,متوسط,بيت,28,سيارة فخمة,23,آخر آيفون,18,ساعة فخمة,14,سفرة برا,10,ذهب,7
اذكر صوت يعصّب الناس,عام,متوسط,المنبه,26,أصوات البناء,22,بكاء طفل,19,زامور السيارة,15,المثقاب,11,الصفارة,7
اذكر سبب يخلي الناس تبكي,مشاعر,متوسط,فراق عزيز,28,الحزن,23,الفرح الزايد,18,الوجع,14,تقطيع البصل,10,مشهد مؤثر بفيلم,7
اذكر شي تلقاه بأي ثلاجة,بيت,سهل,حليب,32,ماء بارد,26,خضار وفواكه,18,لحم أو دجاج,12,بيض,7,عصير,5
اذكر مهنة يحترمها الناس كثير,وظائف,متوسط,طبيب,28,معلم,23,عسكري,18,مهندس,14,إمام مسجد,10,قاضي,7
اذكر لون منتشر بالسيارات,عام,سهل,أبيض,35,أسود,25,فضي,18,رمادي,10,أحمر,7,أزرق,5
اذكر شي الناس تخبّيه عن غيرها,مشاعر,صعب,راتبه,22,مشاكله الخاصة,20,عمره,18,كلمات السر,16,مشاعره الحقيقية,13,ديونه,11
اذكر شي يطلع من الأرض,طبيعة,سهل,نبات وشجر,32,ماء,26,بترول,18,معادن,12,حجارة,7,حشرات,5
اذكر شي يسويه الواحد لما يزعل,مشاعر,متوسط,يسكت وينعزل,27,يبكي,22,ياكل كثير,18,ينام,14,يطلع يمشي,11,يكلم أقرب شخص له,8
اذكر شي تلقاه بأي شارع,عام,سهل,سيارات,30,إشارة مرور,25,ناس تمشي,18,محلات,12,أعمدة إنارة,10,أشجار,5
اذكر شي تحطه على مكتبك,عمل,متوسط,لابتوب,26,جوال,22,كوب قهوة,19,أقلام,15,دفتر,11,مناديل,7
اذكر موقف بسيط يخلي يومك كله حلو,مشاعر,صعب,أحد يمدحك,24,خبر حلو بالصباح,20,طريق فاضي بدون زحمة,17,قهوتك طلعت تمام,15,أحد يدعي لك,13,لقيت شي ضايع منك,11
اذكر شي يدور,عام,سهل,عجلة السيارة,30,الأرض,25,المروحة,18,عقارب الساعة,12,الغسالة,10,الكرة,5
اذكر شي يطير,عام,سهل,الطيارة,32,الطيور,26,الفراشة,18,الدرون,12,الطيارة الورقية,7,البالون,5
اذكر شي ما يخلو منه أي بيت سعودي,السعودية,سهل,دلّة القهوة,35,تمر,25,سجادة صلاة,18,بخور وعود,10,رز,7,مكيف,5
اذكر أكبر مدن السعودية بعدد السكان,السعودية,سهل,الرياض,35,جدة,25,مكة المكرمة,18,المدينة المنورة,10,الدمام,7,الطايف,5
اذكر أكلة سعودية شعبية,السعودية,سهل,الكبسة,35,المندي,25,الجريش,18,المطبق,10,المعصوب,7,الهريسة,5
اذكر مكان سياحي مشهور بالسعودية,السعودية,متوسط,الحرم المكي,28,المسجد النبوي,23,العلا,18,أبها والسودة,14,جدة التاريخية,10,الدرعية,7
اذكر شي يسويه الناس بالعيد,مناسبات,سهل,زيارة الأهل,30,يوزعون عيديات,25,يلبسون جديد,18,حلويات ومعمول,12,صلاة العيد,10,يسافرون,5
اذكر أكلة ما تغيب عن سفرة رمضان,مناسبات,سهل,سمبوسة,30,شوربة,25,لقيمات,18,فول,12,تمر ولبن,10,عصيرات,5
اذكر مشروب مشهور عند العرب,أكل وشرب,سهل,القهوة العربية,30,الشاي,25,اللبن,18,شاي بالنعناع,12,عصير طازج,10,القرفة,5
اذكر شي مشهور عن جدة,السعودية,متوسط,الكورنيش,26,نافورة الملك فهد,22,البحر الأحمر,19,البلد التاريخية,15,المولات,11,السمك والمأكولات البحرية,7
اذكر شي يشتهر فيه جنوب السعودية,السعودية,متوسط,العسل,28,الجبال الخضراء,23,المطر والضباب,18,القهوة الخولانية,14,البرد بالصيف,10,المدرجات الزراعية,7
اذكر شي مشهور عن الرياض,السعودية,متوسط,برج المملكة,26,بوليفارد,22,الدرعية,19,موسم الرياض,15,الحي المالي,11,المتحف الوطني,7
اذكر شي يسويه السعوديين بالشتا,السعودية,سهل,كشتة بالبر,30,شواء,25,جلسة قهوة ونار,18,رحلة مع العائلة,12,يولّعون حطب,10,مشي بالطبيعة,5
اذكر ماركة سيارة منتشرة بالسعودية,السعودية,سهل,تويوتا,35,هونداي,25,فورد,18,شفرولية,10,نيسان,7,مرسيدس,5
اذكر مطعم مشهور بالسعودية,السعودية,سهل,البيك,35,هرفي,25,ماكدونالدز,18,كودو,10,شاورمر,7,كنتاكي,5
اذكر مشروع سعودي ضخم,السعودية,سهل,نيوم,32,ذا لاين,26,القدية,18,البحر الأحمر,12,مشروع مسار,7,برج جدة,5
اذكر شي مشهور عن مكة المكرمة,إسلاميات,سهل,الحرم والكعبة,35,ماء زمزم,25,الحج والعمرة,18,جبل عرفة,10,منى ومزدلفة,7,غار حراء,5
اذكر شي مشهور عن المدينة المنورة,إسلاميات,سهل,المسجد النبوي,35,الروضة الشريفة,25,التمر المدني,18,مسجد قباء,10,جبل أحد,7,البقيع,5
اذكر شي تشتريه من البقالة دايم,حياة يومية,سهل,خبز,32,حليب,26,بيض,18,ماء,12,جبن,7,رز,5
اذكر جامعة سعودية معروفة,تعليم,متوسط,الملك سعود,26,الملك عبدالعزيز,22,الملك فهد للبترول,19,كاوست,15,الإمام,11,أم القرى,7
اذكر شي يسويه الناس يوم الجمعة,حياة يومية,سهل,صلاة الجمعة,35,غدا عائلي,25,ينامون بعد الصلاة,18,يزورون الأهل,10,ينظفون البيت,7,يطبخون,5
اذكر منطقة من مناطق السعودية,السعودية,متوسط,الرياض,28,مكة المكرمة,23,الشرقية,18,المدينة المنورة,14,عسير,10,القصيم,7
اذكر مسلسل أو برنامج سعودي مشهور,ترفيه,متوسط,طاش ما طاش,28,مسامير,23,سيلفي,18,شباب البومب,14,رشاش,10,ممنوع التجول,7
اذكر هدية يوديها السعودي معه لما يسافر برا,السعودية,متوسط,تمر,27,قهوة عربية,22,بهارات,18,عود وبخور,14,حلويات سعودية,11,عسل,8
اذكر عادة سعودية حلوة,السعودية,سهل,القهوة والتمر للضيف,30,الكرم والضيافة,25,السلام والمصافحة,18,ذبيحة للضيف,12,العيديات,10,يرسل أكل لجيرانه,5
اذكر رياضة مشهورة عالمياً,رياضة,سهل,كرة القدم,35,كرة السلة,25,السباحة,18,التنس,10,ألعاب القوى,7,الكريكت,5
اذكر نادي كرة قدم سعودي,رياضة,سهل,الهلال,32,النصر,26,الأهلي,18,الاتحاد,12,الشباب,7,الفيحاء,5
اذكر لاعب كرة قدم عالمي مشهور,رياضة,سهل,ميسي,32,رونالدو,26,مبابي,18,نيمار,12,بنزيما,7,محمد صلاح,5
اذكر منتخب فاز بكاس العالم,رياضة,متوسط,البرازيل,26,ألمانيا,22,الأرجنتين,19,فرنسا,15,إيطاليا,11,إسبانيا,7
اذكر دوري كرة قدم مشهور,رياضة,متوسط,الدوري الإنجليزي,28,الدوري الإسباني,23,دوري روشن,18,الدوري الإيطالي,14,الدوري الألماني,10,الدوري الفرنسي,7
اذكر بطولة رياضية عالمية كبيرة,رياضة,سهل,كاس العالم,32,الأولمبياد,26,دوري أبطال أوروبا,18,ويمبلدون,12,كاس آسيا,7,كاس أمم أفريقيا,5
اذكر نادي أوروبي مشهور,رياضة,متوسط,ريال مدريد,28,برشلونة,23,مانشستر يونايتد,18,بايرن ميونخ,14,ليفربول,10,باريس سان جيرمان,7
اذكر رياضة قتالية,رياضة,متوسط,الملاكمة,26,الكاراتيه,22,التايكوندو,19,الجودو,15,المصارعة,11,الكونغ فو,7
اذكر رياضة تلعبها بمضرب,رياضة,متوسط,التنس,27,البادل,22,تنس الطاولة,18,الريشة الطايرة,14,السكواش,11,الكريكت,8
اذكر رياضة جماعية غير كرة القدم,رياضة,صعب,كرة السلة,22,الكرة الطايرة,20,كرة اليد,18,الهوكي,16,البيسبول,13,الرقبي,11
اذكر رياضة فردية,رياضة,متوسط,السباحة,26,التنس,22,الجري,19,الملاكمة,15,الجمباز,11,رفع الأثقال,7
اذكر رياضة مائية,رياضة,متوسط,السباحة,28,الغوص,23,ركوب الأمواج,18,التجديف,14,كرة الماء,10,التزلج على الماء,7
اذكر شي يلبسه لاعب كرة القدم,رياضة,متوسط,القميص,27,الشورت,22,الجزمة,18,الجوارب الطويلة,14,واقي الساق,11,قفازات الحارس,8
اذكر فاكهة استوائية,أكل وشرب,سهل,المانجو,30,الأناناس,25,الموز,18,الكيوي,12,الجوافة,10,الباباي,5
اذكر بهار تستخدمه بالطبخ,أكل وشرب,صعب,الفلفل الأسود,21,الكمون,19,الكركم,18,القرفة,16,الزنجبيل,14,الهيل,12
اذكر أكلة عالمية كل الناس تعرفها,أكل وشرب,سهل,البيتزا,32,البرجر,26,السوشي,18,الباستا,12,التاكو,7,الكاري,5
اذكر حلا عربي مشهور,أكل وشرب,سهل,الكنافة,30,البقلاوة,25,البسبوسة,18,اللقيمات,12,المهلبية,10,القطايف,5
اذكر أكلة فطور عربية,أكل وشرب,متوسط,الفول,28,الفلافل,23,البيض,18,الجبن والزيتون,14,اللبنة,10,الشكشوكة,7
اذكر نوع لحم ياكله الناس,أكل وشرب,سهل,الدجاج,32,الغنم,26,البقر,18,السمك,12,الديك الرومي,7,الربيان,5
اذكر نوع مكسرات,أكل وشرب,صعب,الفستق,21,اللوز,19,الكاجو,18,الجوز,16,البندق,14,الفول السوداني,12
اذكر نوع خبز,أكل وشرب,صعب,الخبز العربي,21,الصامولي,19,التوست,18,الخبز الفرنسي,16,التميس,14,الرقاق,12
اذكر شي يتحط فوق البيتزا,أكل وشرب,متوسط,الجبن,28,الفلفل الملون,23,الزيتون,18,الفطر,14,البيبروني,10,البصل,7
اذكر نوع جبن,أكل وشرب,صعب,الشيدر,21,الموزاريلا,19,الكريمي,18,الفيتا,16,البارميزان,14,الحلوم,12
اذكر مشروب حار غير القهوة,أكل وشرب,صعب,الشاي,21,الشاي الأخضر,19,النعناع,18,القرفة,16,الكاكاو,14,اليانسون,12
اذكر مشروب بارد منعش,أكل وشرب,متوسط,العصير الطازج,27,ماء بارد,22,بيبسي,18,اللبن,14,الآيس تي,11,السموذي,8
اذكر فاكهة لونها أصفر,عام,سهل,الموز,32,الليمون,26,المانجو,18,الأناناس,12,المشمش,7,الخوخ,5
اذكر سورة من قصار السور,إسلاميات,سهل,الإخلاص,32,الفلق,26,الناس,18,الكوثر,12,العصر,7,القدر,5
اذكر نبي من أنبياء الله,إسلاميات,سهل,محمد ﷺ,30,إبراهيم,25,موسى,18,عيسى,12,نوح,10,يوسف,5
اذكر شي يكثر منه الناس برمضان,إسلاميات,سهل,الصيام,30,التراويح,25,قراءة القرآن,18,الإفطار الجماعي,12,السحور,10,الصدقة,5
اذكر شهر من الأشهر الهجرية,إسلاميات,صعب,رمضان,21,ذو الحجة,19,محرم,18,ربيع الأول,16,شعبان,14,رجب,12
اذكر اسم من أسماء الله الحسنى,إسلاميات,صعب,الرحمن,22,الرحيم,20,الملك,18,السلام,16,الكريم,13,الغفور,11
اذكر صحابي جليل,إسلاميات,متوسط,أبو بكر الصديق,28,عمر بن الخطاب,23,عثمان بن عفان,18,علي بن أبي طالب,14,خالد بن الوليد,10,بلال بن رباح,7
اذكر عمل خير بسيط يقدر يسويه أي واحد,إسلاميات,متوسط,صدقة,26,يساعد محتاج,22,يزور مريض,19,يطعم جوعان,15,كلمة طيبة,11,يشيل أذى من الطريق,7
اذكر ذكر يقوله المسلم كل يوم,إسلاميات,سهل,بسم الله,32,الحمد لله,26,سبحان الله,18,الله أكبر,12,أستغفر الله,7,لا إله إلا الله,5
اذكر شي يفطّر الصايم,إسلاميات,متوسط,الأكل,27,الشرب,22,التقيؤ عمداً,18,نية الفطر,14,الحجامة,11,الحيض,8
اذكر شي يسويه الحاج بالحج,إسلاميات,متوسط,الطواف,28,السعي,23,الوقوف بعرفة,18,رمي الجمرات,14,الحلق أو التقصير,10,ذبح الهدي,7
اذكر غزوة أو معركة إسلامية مشهورة,إسلاميات,صعب,بدر,22,أحد,20,الخندق,18,فتح مكة,16,اليرموك,13,القادسية,11
اذكر سورة طويلة بالقرآن,إسلاميات,سهل,البقرة,32,آل عمران,26,النساء,18,المائدة,12,الأنعام,7,الأعراف,5
اذكر مكان مقدس بالإسلام,إسلاميات,سهل,مكة المكرمة,30,المدينة المنورة,25,المسجد الأقصى,18,جبل عرفة,12,غار حراء,10,غار ثور,5
اذكر حيوان يحبه الأطفال,حيوانات,سهل,القطة,30,الأرنب,25,الكلب,18,العصفور,12,السمكة,10,الحصان,5
اذكر حيوان يعيش بالصحرا,حيوانات,سهل,الجمل,35,الأفعى,25,العقرب,18,الغزال,10,الضب,7,الأرنب البري,5
اذكر طير معروف,حيوانات,صعب,الصقر,21,الحمامة,19,النسر,18,الببغاء,16,العصفور,14,البومة,12
اذكر حيوان ضخم,حيوانات,سهل,الفيل,30,الحوت,25,الزرافة,18,وحيد القرن,12,فرس النهر,10,الدب,5
اذكر شجرة مشهورة,طبيعة,سهل,النخلة,35,الزيتون,25,السدر,18,الصنوبر,10,البلوط,7,الأراك,5
اذكر ظاهرة طبيعية,طبيعة,متوسط,المطر,28,البرق والرعد,23,الزلزال,18,البركان,14,قوس قزح,10,الكسوف,7
اذكر حشرة معروفة,حيوانات,صعب,النملة,22,النحلة,20,الفراشة,18,الصرصور,16,الذبابة,13,البعوضة,11
اذكر حيوان بحري,حيوانات,سهل,الدولفين,32,الحوت,26,القرش,18,الأخطبوط,12,السلحفاة,7,نجم البحر,5
اذكر حيوان أليف يربونه بالبيت,حيوانات,سهل,القطة,32,الكلب,26,سمك الزينة,18,الأرنب,12,الببغاء,7,الهامستر,5
اذكر حيوان سريع,حيوانات,سهل,الفهد,35,الحصان,25,الغزال,18,الأرنب,10,النعامة,7,الذيب,5
اذكر دولة عربية بأفريقيا,جغرافيا,سهل,مصر,30,المغرب,25,تونس,18,الجزاير,12,ليبيا,10,السودان,5
اذكر دولة أوروبية يسافرون لها السعوديين بالصيف,سفر,صعب,بريطانيا,21,سويسرا,19,النمسا,18,جورجيا,16,البوسنة,14,هولندا,12
اذكر عاصمة دولة عربية,جغرافيا,صعب,الرياض,22,القاهرة,20,دمشق,18,بغداد,16,عمّان,13,الرباط,11
اذكر مدينة سياحية عالمية,جغرافيا,متوسط,باريس,26,لندن,22,دبي,19,إسطنبول,15,نيويورك,11,طوكيو,7
اذكر نهر مشهور بالعالم,جغرافيا,صعب,النيل,21,الأمازون,19,دجلة,18,الفرات,16,المسيسيبي,14,الغانج,12
اذكر صحرا مشهورة,جغرافيا,صعب,الربع الخالي,22,الصحرا الكبرى,20,النفود,18,الدهنا,16,سينا,13,كالاهاري,11
اذكر بحر أو محيط,جغرافيا,صعب,البحر الأحمر,24,المحيط الهادي,20,البحر المتوسط,17,المحيط الأطلسي,15,الخليج العربي,13,المحيط الهندي,11
اذكر جبل مشهور,جغرافيا,صعب,إفرست,21,جبل أحد,19,جبل عرفة,18,جبال الألب,16,كلمنجارو,14,جبل طويق,12
اذكر دولة آسيوية غير عربية,جغرافيا,صعب,الصين,22,اليابان,20,الهند,18,كوريا الجنوبية,16,تايلاند,13,ماليزيا,11
اذكر دولة السعوديين يحبون يسافرون لها,سفر,متوسط,تركيا,26,مصر,22,ماليزيا,19,بريطانيا,15,جورجيا,11,الإمارات,7
اذكر شركة تقنية عالمية كبيرة,تقنية,سهل,أبل,32,سامسونج,26,قوقل,18,مايكروسوفت,12,أمازون,7,ميتا,5
اذكر تطبيق تواصل اجتماعي,تقنية,متوسط,واتساب,28,انستقرام,23,تيك توك,18,سناب شات,14,إكس (تويتر),10,فيسبوك,7
اذكر نوع جوال مشهور,تقنية,سهل,آيفون,35,سامسونج,25,هواوي,18,شاومي,10,ون بلس,7,نوكيا,5
اذكر لعبة إلكترونية يلعبها الشباب,ألعاب,متوسط,فورتنايت,26,ماين كرافت,22,فيفا,19,ببجي,15,قراند,11,كول أوف ديوتي,7
اذكر تطبيق توصيل بالسعودية,السعودية,متوسط,هنقرستيشن,28,جاهز,23,كريم,18,مرسول,14,أوبر,10,ذا شفز,7
اذكر منصة تتفرج فيها أفلام ومسلسلات,ترفيه,سهل,نتفلكس,32,شاهد,26,يوتيوب,18,ديزني بلس,12,أمازون برايم,7,أبل تي في,5
اذكر جهاز كهربائي بالبيت,بيت,سهل,التلفزيون,30,الثلاجة,25,المكيف,18,الغسالة,12,المايكرويف,10,الفرن,5
اذكر اختراع غيّر الدنيا,عام,سهل,الكهربا,30,الإنترنت,25,الهاتف,18,السيارة,12,الطيارة,10,الكمبيوتر,5
اذكر شي تدوّر عليه بالإنترنت كثير,تقنية,صعب,وصفة أكل,24,طريقة تصليح شي,20,سعر منتج,17,موقع مكان,15,معنى كلمة,13,أعراض مرض,11
اذكر وظيفة ناس كثير تحلم فيها,وظائف,متوسط,طيار,28,دكتور,23,رجل أعمال,18,مهندس,14,مبرمج,10,لاعب كرة,7
اذكر وظيفة تبي شجاعة,وظائف,متوسط,رجل إطفاء,26,عسكري,22,شرطي,19,غواص إنقاذ,15,طيار حربي,11,مسعف,7
اذكر وظيفة تبي إبداع,وظائف,صعب,مصمم,22,مبرمج,20,مهندس معماري,18,كاتب,16,مصور,13,شيف,11
اذكر وظيفة تقدر تشتغلها من بيتك,وظائف,متوسط,مبرمج,27,مصمم,22,كاتب محتوى,18,مترجم,14,تسويق إلكتروني,11,محاسب,8
اذكر وظيفة بالمستشفى,وظائف,سهل,دكتور,32,ممرض,26,صيدلي,18,فني أشعة,12,فني مختبر,7,موظف استقبال,5
اذكر لغة مشهورة بالعالم,تعليم,سهل,الإنجليزية,32,العربية,26,الصينية,18,الإسبانية,12,الفرنسية,7,الهندية,5
اذكر آلة موسيقية,فن,صعب,العود,21,البيانو,19,القيتار,18,الكمان,16,الطبل,14,الناي,12
اذكر مادة تدرسها بالمدرسة,تعليم,سهل,رياضيات,30,لغة عربية,25,إنجليزي,18,علوم,12,تاريخ,10,تربية إسلامية,5
اذكر عملة عربية,عام,صعب,الريال السعودي,24,الدرهم الإماراتي,20,الدينار الكويتي,17,الجنيه المصري,15,الدينار الأردني,13,الريال القطري,11
اذكر شي يرمز للسعودية,السعودية,متوسط,السيفين والنخلة,28,العلم الأخضر,23,الكعبة,18,الجمل,14,البترول,10,رؤية 2030,7
اذكر هدية الناس تفرح فيها,مناسبات,متوسط,عطر,27,جوال جديد,22,فلوس أو بطاقة شراء,18,ساعة,14,ورد,11,شوكولاتة,8
اذكر مناسبة تلم الناس كلهم,مناسبات,سهل,العيد,30,العرس,25,رمضان,18,اليوم الوطني,12,حفلة التخرج,10,مولود جديد,5
اذكر شي تشتريه للبيت الجديد,بيت,متوسط,كنب وأثاث,28,ثلاجة,23,غسالة,18,مكيفات,14,سجاد وستاير,10,أجهزة مطبخ,7
اذكر شي يسويه الأب مع عياله,عائلة,متوسط,يلعب معهم,26,يوصلهم المدرسة,22,ياخذهم يتمشون,19,يشتري لهم طلباتهم,15,يذاكر معهم,11,يحكي لهم قصص,7
اذكر شي يسويه الطفل بالمدرسة,أطفال,متوسط,يدرس,28,يلعب مع أصحابه,23,ياكل بالفسحة,18,يسولف,14,يرسم ويلون,10,يكتب الواجب,7
اذكر شي تشتريه للأطفال,أطفال,سهل,لعبة,30,ملابس,25,حلويات,18,قصص وكتب,12,تابلت,10,جزمة,5
اذكر عضو من أعضاء جسم الإنسان,صحة,صعب,القلب,22,المخ,20,الكبد,18,الرية,16,الكلى,13,المعدة,11
اذكر شي صحي لازم تسويه كل يوم,صحة,متوسط,تشرب ماء,28,تمشي أو تتريض,23,تاكل خضار وفواكه,18,تنام كفاية,14,تفرش أسنانك,10,تقلل السكر,7
اذكر سبب يودي الناس للمستشفى,صحة,متوسط,مرض أو حرارة,28,كسر أو إصابة,23,ولادة,18,عملية,14,حادث,10,فحص دوري,7
اذكر فيتامين أو معدن مهم للجسم,صحة,صعب,فيتامين د,22,فيتامين سي,20,الحديد,18,الكالسيوم,16,الزنك,13,الماغنيسيوم,11
اذكر وسيلة مواصلات,سفر,سهل,السيارة,35,الطيارة,25,الباص,18,القطار,10,التاكسي,7,الدباب,5
اذكر شي تلقاه بالمطار,سفر,سهل,الطيارات,30,الجوازات,25,كاونتر التسجيل,18,السوق الحرة,12,المطاعم والكافيهات,10,سير الحقايب,5
اذكر شي أول ما تفتح شنطتك بالفندق تدور عليه,سفر,صعب,الشاحن,24,فرشاة الأسنان,20,ملابس النوم,17,الدوا,15,العطر,13,الجزمة الثانية,11
اذكر شركة طيران معروفة,سفر,صعب,الخطوط السعودية,24,طيران ناس,20,طيران الإمارات,17,القطرية,15,التركية,13,طيران الرياض,11
اذكر قطعة من لبس الرجال السعودي,السعودية,سهل,الثوب,35,الشماغ,25,البشت,18,الطاقية,10,العقال,7,السروال,5
اذكر ماركة ملابس أو جزم عالمية,عام,صعب,نايكي,22,أديداس,20,زارا,18,قوتشي,16,لويس فيتون,13,إتش آند إم,11
اذكر لون ملابس الناس تلبسه كثير,عام,سهل,الأسود,32,الأبيض,26,الأزرق,18,الرمادي,12,البيج,7,البني,5
اذكر نوع جزمة,عام,صعب,جزمة رياضية,21,جزمة رسمية,19,صندل,18,شبشب,16,بوت,14,كعب عالي,12
اذكر هواية ممتعة,ترفيه,صعب,القراءة,22,الرسم,20,التصوير,18,الطبخ,16,الرياضة,13,جمع الأشياء,11
اذكر كرتون كبرنا عليه,ترفيه,متوسط,توم وجيري,28,سبونج بوب,23,ميكي ماوس,18,النمر الوردي,14,المحقق كونان,10,عدنان ولينا,7
اذكر شي يسويه الناس بالإجازة,ترفيه,سهل,يسافرون,32,ينامون,26,يزورون الأهل,18,مطاعم وكافيهات,12,يطلعون بر,7,يقعدون بالبيت,5
اذكر شي تسويه بالحديقة,ترفيه,متوسط,تمشي,27,تلعب مع العيال,22,تسوي شوي,18,تقرا,14,تتصور,11,تقعد تستانس,8
اذكر شي مصنوع من خشب,عام,سهل,الباب,30,الطاولة,25,الكرسي,18,الدولاب,12,قلم الرصاص,10,السرير,5
اذكر شي مصنوع من زجاج,عام,سهل,النافذة,30,الكوب,25,المراية,18,النظارة,12,شاشة الجوال,10,المزهرية,5
اذكر شي ريحته حلوة,عام,سهل,العطر,32,الورد,26,البخور والعود,18,القهوة,12,خبز طالع من الفرن,7,المطر على التراب,5
اذكر شي يتعلق على الجدار,بيت,سهل,لوحة أو صورة,32,ساعة,26,تلفزيون,18,مراية,12,رف,7,مكيف سبليت,5
اذكر شي شكله دايري,عام,سهل,الكرة,30,العجلة,25,الساعة,18,الصحن,12,العملة المعدنية,10,القمر,5
اذكر شي بارد,عام,سهل,الثلج,32,الآيس كريم,26,الماء البارد,18,المكيف,12,جو الشتا,7,البوظة,5
اذكر شي حار,عام,سهل,الشمس,32,النار,26,الفلفل الحار,18,الماء المغلي,12,الشاي,7,الرمل بالصيف,5
اذكر شي ينكسر بسرعة,عام,سهل,الزجاج,32,البيض,26,شاشة الجوال,18,المزهرية,12,النظارة,7,الصحن,5
اذكر شي يخرب بسرعة لو تركته برا الثلاجة,أكل وشرب,متوسط,الحليب,28,اللحم,23,الخضار الورقية,18,الفواكه الطرية,14,العصير الطبيعي,10,البيض المسلوق,7
اذكر شي يبي تركيز عالي,عام,متوسط,السواقة,26,المذاكرة,22,البرمجة,19,الطبخ,15,العد والحساب,11,القراءة,7
اذكر شي تسويه قبل ما تنام,حياة يومية,سهل,تشيك الجوال,35,تصلي,25,تفرش أسنانك,18,تقرا أذكار النوم,10,تشرب ماء,7,تطفي الأنوار,5
اذكر معدن غالي,عام,سهل,الذهب,35,الفضة,25,البلاتين,18,الألماس,10,الزمرد,7,النحاس,5
اذكر شي يتغير لونه,طبيعة,صعب,ورق الشجر بالخريف,24,السما,20,الحرباء,17,الشعر مع العمر,15,الفاكهة لما تستوي,13,الجلد من الشمس,11
اذكر شي تسويه وانت منتظر دورك,حياة يومية,متوسط,تتصفح الجوال,26,تقرا شي,22,تسولف مع أحد,19,تلعب لعبة,15,تسمع بودكاست,11,تتفرج على الناس,7
اذكر سبب يخلي بطارية الجوال تخلص بسرعة,تقنية,متوسط,كثر الاستخدام,27,التطبيقات الشغالة,22,الإضاءة عالية,18,البطارية قديمة,14,الألعاب,11,الموقع والبلوتوث,8
اذكر شي يبي صبر طويل,مشاعر,متوسط,تربية الأطفال,28,الدراسة,23,الصيام,18,الزحمة,14,الريجيم,10,صيد السمك,7
اذكر شي يضحكك,مشاعر,سهل,نكتة,30,موقف محرج,25,مقطع مضحك,18,تقليد أحد,12,تصرف طفل,10,ذكرى قديمة,5
اذكر شي يريّحك نفسياً,مشاعر,متوسط,النوم,28,الصلاة والدعا,23,صوت البحر,18,القراءة,14,الهدوء,10,قعدة مع الأهل,7
اذكر شي ثقيل,عام,متوسط,السيارة,26,الفيل,22,صخرة,19,الثلاجة,15,الحديد,11,الخزنة,7
اذكر شي يتحرك ببطء,عام,سهل,السلحفاة,30,الحلزون,25,السيارة بالزحمة,18,النملة,12,عقارب الساعة,10,نمو النبات,5
اذكر شي سريع,عام,سهل,الضو,35,الصاروخ,25,الفهد,18,الطيارة,10,البرق,7,سيارة السباق,5
اذكر شي ما يخلو منه أي بيت,بيت,متوسط,باب,26,نوافذ,22,حمام,19,مطبخ,15,كهربا,11,ماء,7
اذكر شي الأطفال يحبونه كثير,أطفال,سهل,الألعاب,30,الحلويات,25,الكرتون,18,الملاهي,12,التابلت,10,العيدية,5
اذكر شي يدفيك بالشتا,عام,متوسط,البطانية,28,كوب شاي أو قهوة,23,الجاكيت,18,الشمس,14,النار والحطب,10,حضن أمك,7
اذكر شي لونه أزرق,عام,سهل,السما,32,البحر,26,الجينز,18,علبة البيبسي,12,كوكب الأرض,7,العيون الزرقا,5
اذكر شي لونه أبيض,عام,سهل,الثلج,32,الحليب,26,القطن,18,السكر,12,السحاب,7,الملح,5
اذكر شي أصفر تلقاه بالمطبخ,عام,صعب,الموز,21,الليمون,19,الزيت,18,البيض من داخل,16,الكركم,14,الذرة,12
اذكر شي لونه أخضر,عام,سهل,العشب والشجر,30,التفاح الأخضر,25,علم السعودية,18,النعناع,12,الفلفل الأخضر,10,الخس,5
اذكر شي تلقاه بالحمام,بيت,سهل,الصابون والشامبو,32,فرشاة ومعجون,26,المنشفة,18,المراية,12,الدش,7,سلة الغسيل,5
اذكر شي تلقاه بغرفة النوم,بيت,سهل,السرير,32,الدولاب,26,المخدة واللحاف,18,المكيف,12,الستارة,7,الأباجورة,5
اذكر شي تلقاه بالصالة,بيت,سهل,التلفزيون,32,الكنب,26,الطاولة,18,السجادة,12,الريموت,7,المكيف,5
اذكر أداة تستخدمها بالمطبخ,بيت,صعب,السكين,21,الملعقة,19,المقلاة,18,القدر,16,الخلاط,14,لوح التقطيع,12
اذكر شي تلقاه بالمسجد,إسلاميات,متوسط,السجاد,28,المحراب,23,المنبر,18,المصاحف,14,مكبرات الصوت,10,ثلاجة الماء,7
اذكر شي تلقاه بالمدرسة,تعليم,متوسط,الطلاب,28,المعلمين,23,الملعب,18,المقصف,14,المكتبة,10,الطابور,7
اذكر شي ممنوع بالطيارة,سفر,متوسط,التدخين,26,سوايل كثيرة,22,أدوات حادة,19,الولاعة,15,الوقوف وقت الإقلاع,11,جوال بدون وضع الطيران,7
اذكر موقف يخليك متوتر,مشاعر,متوسط,الاختبار,28,المقابلة الوظيفية,23,تتكلم قدام ناس,18,تأخر رحلة الطيران,14,نتيجة تحليل,10,مكالمة من رقم غريب,7
اذكر شي تسويه قبل السفر بيوم,سفر,متوسط,ترتب الشنطة,28,تتأكد من الحجز,23,تشحن كل شي,18,تودع الأهل,14,تصرف فلوس,10,تطبع التذكرة,7
اذكر شي يعطيك طاقة,صحة,متوسط,القهوة,26,النوم الكافي,22,الرياضة,19,أكل صحي,15,الشوكولاتة,11,الماء,7
اذكر شي تحطه بالشاي,أكل وشرب,سهل,سكر,30,نعناع,25,حليب,18,ليمون,12,هيل,10,عسل,5
اذكر شي تلقاه بالحديقة العامة,عام,سهل,أشجار وورود,32,ألعاب أطفال,26,عشب,18,مقاعد,12,ممشى,7,نافورة,5
اذكر شي يدخل بالقهوة العربية,السعودية,صعب,الهيل,21,البن,19,الزعفران,18,القرنفل,16,الزنجبيل,14,ماء الورد,12
اذكر شي الناس تحطه على أكلها,أكل وشرب,متوسط,ملح,26,فلفل أسود,22,كاتشب,19,ليمون,15,شطة,11,مايونيز,7
اذكر شي يخلي البيت نظيف ومرتب,بيت,سهل,التنظيف اليومي,32,ترتيب الأغراض,26,المكنسة الكهربائية,18,المسّاحة,12,المعطر,7,سلة الزبالة,5
اذكر شي الناس تتمناه بحياتها,مشاعر,متوسط,الصحة,28,الفلوس,23,راحة البال,18,النجاح,14,بيت,10,ذرية صالحة,7
اذكر شي تلقاه بالمحفظة,عام,سهل,فلوس,30,بطاقة البنك,25,الهوية,18,رخصة القيادة,12,صور,10,كروت المحلات,5
اذكر شي الناس تخاف منه,مشاعر,متوسط,الموت,28,الحشرات,23,الظلام,18,المرتفعات,14,الأماكن المغلقة,10,الثعابين,7
اذكر شي تعدّيه السيارة بسهولة وانت تسوق,عام,صعب,مخرج الطريق,24,لوحة إرشادية,20,المطب,17,إشارة حمرا,15,كمين سرعة,13,وجه واحد تعرفه,11
اذكر شي ما تخلو منه أي سيارة,عام,متوسط,المرايات,26,المقاعد,22,حزام الأمان,19,المساحات,15,الإطار الاحتياطي,11,الريموت,7
اذكر شي يلفت انتباهك بسرعة,عام,صعب,صوت عالي فجأة,22,ألوان زاهية,20,حركة قدامك,18,ضو قوي,16,ريحة قوية,13,أحد ينادي اسمك,11
اذكر شي يخليك تحس بالأمان,مشاعر,متوسط,وجود أهلك,26,بيتك,22,التوكل على الله,19,فلوس بالحساب,15,صديق تثق فيه,11,تقفل الباب,7
اذكر شي يرن أو يصفر,عام,سهل,الجوال,30,المنبه,25,جرس الباب,18,الهاتف,12,المايكرويف,10,جهاز الإنذار,5
اذكر شي يحتاج شحن,تقنية,سهل,الجوال,32,اللابتوب,26,الساعة الذكية,18,السماعات,12,السيارة الكهربائية,7,الباور بانك,5
اذكر سبب يخلي الموظف يترك شغله,عمل,متوسط,الراتب قليل,28,ضغط زايد,23,فرصة أحسن,18,مدير ما يطاق,14,ملل وروتين,10,بعد المسافة,7
اذكر شي يخليك فخور بنفسك,مشاعر,متوسط,نجاح حققته,26,تفرّح أهلك,22,إنجاز صعب,19,تساعد محتاج,15,التخرج,11,تترك عادة سيئة,7
اذكر شي ممتع بالشتا,السعودية,متوسط,صوت المطر,28,جلسة نار وحطب,23,قهوة ساخنة,18,البرد المنعش,14,التلحف بالبطانية,10,الشوربة,7
اذكر شي ما تقدر تعيش بدونه,مشاعر,متوسط,الماء,28,الأهل,23,الصحة,18,النوم,14,الهوا,10,الأكل,7
اذكر شي يبي تخطيط من بدري,عام,متوسط,السفر,26,الزواج,22,بناء بيت,19,الدراسة,15,حفلة أو مناسبة,11,ميزانية الشهر,7
اذكر كلمة الناس تحب تسمعها,مشاعر,متوسط,أحبك,28,شكراً,23,ما قصرت,18,أنا فخور فيك,14,مبروك,10,عندك عيدية,7
اذكر شي تحس فيه وانت صايم,إسلاميات,متوسط,الجوع,26,العطش,22,الخمول والتعب,19,صداع خفيف,15,ريحة الفم,11,الخشوع,7
اذكر صفة تحبها بالشخص,مشاعر,صعب,الصدق,22,الكرم,20,طيبة القلب,18,الصبر,16,التواضع,13,خفة الدم,11
اذكر شي يخلي الجو حلو,طبيعة,سهل,المطر,32,البرد والنسيم,26,الغيوم,18,الضباب,12,الهوا الخفيف,7,الشمس الدافية,5
اذكر سيارة دفع رباعي,السعودية,صعب,لاندكروزر,21,باترول,19,برادو,18,جيب رانجلر,16,تاهو,14,يوكن,12
اذكر شي ما يصير بدون ماء,عام,متوسط,الزراعة,28,الطبخ,23,الوضوء,18,غسيل الملابس,14,السباحة,10,الحياة نفسها,7
اذكر سبب ينقطع فيه الإنترنت,تقنية,متوسط,مشكلة بالراوتر,26,صيانة بالشبكة,22,الفاتورة ما انسددت,19,كيبل مقطوع,15,ضغط على الشبكة,11,جو سيء,7
اذكر أداة من صندوق العدة,عام,صعب,المفك,21,الشاكوش,19,الكماشة,18,المفتاح الإنجليزي,16,المتر,14,الدريل,12
اذكر شي تحتاجه بالكشتة,السعودية,متوسط,الخيمة,28,الكشاف,23,حطب,18,ماء وأكل,14,فراش وبطانيات,10,فحم للشوي,7
اذكر شي يخلي المذاكرة أسهل,تعليم,متوسط,تنظيم الوقت,26,تبدأ من بدري,22,تسوي ملخصات,19,مكان هادي,15,تفهم من المعلم,11,تذاكر مع صاحبك,7
اذكر سبب تتعطل فيه السيارة,عام,متوسط,بنشر,28,خلص البنزين,23,البطارية,18,حرارة المكينة,14,الزيت,10,فيوز أو كهربا,7
اذكر شي يخلي الرحلة مملة,سفر,متوسط,طريق طويل بدون وقفة,27,ما فيه سوالف,22,الزحمة,18,ما فيه إنترنت,14,ما فيه أكل,11,الحر,8
اذكر شي يخليك تنسى الوقت,حياة يومية,متوسط,الجوال,28,الألعاب,23,كتاب حلو,18,قعدة مع الأصحاب,14,السفر,10,شغل تحبه,7
اذكر شي تحبه ببلدك,السعودية,متوسط,الأمان,28,الأهل,23,الحرمين,18,الكرم والعادات,14,الأكل الشعبي,10,جو الشتا,7
اذكر شي بسيط يرفع معنوياتك بسرعة,مشاعر,صعب,كلمة تشجيع,24,رسالة من شخص تحبه,20,مشي بالهوا,17,موسيقى أو أنشودة تحبها,15,دش بارد,13,تنجز شي مؤجل,11
اذكر شي تلقاه بالمكتبة,تعليم,متوسط,الكتب,28,الرفوف,23,طاولات وكراسي,18,الهدوء,14,المجلات,10,الكمبيوترات,7
اذكر شي موجود بالفضا,علوم,سهل,النجوم,30,الكواكب,25,القمر,18,الشمس,12,المجرات,10,الأقمار الصناعية,5
اذكر سبب يخلي الناس تحب القهوة,السعودية,متوسط,تصحّيك وتنشّطك,28,طعمها,23,عادة يومية,18,القعدة اللي معها,14,ريحتها,10,تساعدك تركز,7
اذكر شي الناس تصوره بجوالها,تقنية,متوسط,الأكل,26,سيلفي,22,المناظر,19,المناسبات,15,الأطفال,11,الغروب,7
اذكر شي تعلمته من الإنترنت,تقنية,متوسط,وصفة طبخ,27,تصليح شي بالبيت,22,لغة جديدة,18,برمجة أو تصميم,14,تمارين رياضة,11,مهارة شغل,8
اذكر شي تلقاه بأي كافيه,ترفيه,متوسط,قهوة بأنواعها,28,كراسي وطاولات,23,واي فاي,18,كيك وحلا,14,البارستا,10,موسيقى هادية,7
اذكر شي ما تستغني عنه بالصيف,السعودية,سهل,المكيف,32,ماء بارد,26,نظارة الشمس,18,الآيس كريم,12,المسبح,7,واقي الشمس,5
اذكر شي الناس تخاف تخسره,مشاعر,متوسط,الصحة,28,الأهل,23,الفلوس,18,الوظيفة,14,سمعته,10,أصدقائه,7
اذكر شي تلقاه بالمستشفى,صحة,سهل,أسرّة المرضى,35,دكاترة وممرضين,25,أجهزة طبية,18,أدوية,10,العيادات,7,الإسعاف,5
اذكر شي تلقاه بالبنك,عام,متوسط,الصراف الآلي,26,الموظفين,22,الكاونترات,19,الحارس,15,طابور الانتظار,11,البطاقات,7
اذكر شي تلقاه بالملاهي,ترفيه,سهل,ألعاب كهربائية,30,أطفال وعوايل,25,آيس كريم وحلا,18,بالونات,12,التذاكر,10,الزحمة,5
اذكر شي يخلي الأكل ألذ,أكل وشرب,متوسط,البهارات,26,الملح بالقدر,22,عصرة ليمون,19,الصلصة,15,نار هادية,11,إنك جوعان,7
اذكر شي تلقاه بالفندق,سفر,سهل,الغرف,32,الاستقبال,26,المسبح,18,المطعم,12,الواي فاي,7,خدمة الغرف,5
اذكر شي تلقاه بمحل العطور,السعودية,متوسط,عطور,27,بخور,22,دهن العود,18,العود الخام,14,المبخرة,11,علب الهدايا,8
اذكر نوع تمر سعودي,السعودية,سهل,السكري,32,العجوة,26,الخلاص,18,الصقعي,12,المجدول,7,برحي,5
اذكر شي يميز الشخص الناجح,مشاعر,صعب,يتعب ويجتهد,22,ما يستسلم,20,يخطط,18,يقرا ويتعلم,16,ينظم وقته,13,يتحمل المسؤولية,11
اذكر شي الناس تأجله وما تسويه أبداً,حياة يومية,صعب,الرياضة,24,ترتيب الدولاب,20,فحص السيارة,17,الدكتور,15,الرد على رسالة,13,قراءة كتاب شراه,11
اذكر شي تلقاه بالباص,سفر,متوسط,المقاعد,26,السواق,22,التكييف,19,الشبابيك,15,ماسكات اليد,11,شاشة أو راديو,7
اذكر شي يوزعونه بالأعراس,مناسبات,سهل,شوكولاتة,32,عصيرات,26,قهوة وتمر,18,بخور,12,ورد,7,علب هدايا,5
اذكر شي يشتريه المعرس,مناسبات,متوسط,شبكة ذهب,26,أثاث البيت,22,سيارة,19,ملابس العرس,15,عطور,11,ثلاجة وغسالة,7
اذكر شي تسويه بنهاية الأسبوع,حياة يومية,متوسط,تنام وترتاح,27,تطلع مع أصحابك,22,مطعم أو كافيه,18,تنظف البيت,14,تزور الأهل,11,تتسوق,8
اذكر شي تشتريه أونلاين,تقنية,متوسط,ملابس وجزم,26,إلكترونيات,22,أكل,19,كتب,15,مستحضرات تجميل,11,أثاث,7
اذكر شي ما تخلو منه أي حفلة,مناسبات,سهل,الأكل والحلا,30,الناس,25,الأغاني,18,الكيكة,12,التصوير,10,الزينة والبالونات,5
اذكر شي يتعلمه الطفل أول شي,أطفال,سهل,المشي,32,الكلام,26,ياكل بنفسه,18,الألوان,12,بابا وماما,7,الحروف والأرقام,5
اذكر شي تلقاه بالشاطئ,عام,سهل,الرمل,32,البحر,26,الشمسية,18,العوايل,12,الأصداف,7,كراسي,5
اذكر شي تلقاه بقاعة الأفراح,مناسبات,متوسط,الكوشة,26,المعازيم,22,بوفيه الأكل,19,الورد والزينة,15,المصور,11,الطبل والزفة,7
اذكر شي تسويه صباح العيد,مناسبات,سهل,صلاة العيد,30,تلبس جديد,25,تعايد أهلك,18,فطور جماعي,12,توزع عيديات,10,تتصور,5
اذكر شي تسويه قبل الاختبار,تعليم,متوسط,تذاكر وتراجع,28,تدعي,23,تنام بدري,18,تقرا الملخص,14,تشرب قهوة,10,تجهز أدواتك,7
اذكر سبب يخلي الواحد يفقد أعصابه,مشاعر,متوسط,الزحمة,28,الظلم,23,تكرار الإزعاج,18,طول الانتظار,14,الجوع,10,قلة النوم,7
اذكر شي تحبه الأمهات,عائلة,متوسط,سعادة عيالها,26,البيت مرتب,22,الهدوء,19,تطبخ لأهلها,15,يتصلون عليها,11,يسمعون كلامها,7
اذكر شي يخليك مبسوط بشغلك,عمل,متوسط,الراتب,28,الزملا الطيبين,23,تقدير المدير,18,الإنجاز,14,مرونة الدوام,10,الإجازات,7
اذكر شي تسويه بأول يوم بالسنة الجديدة,مناسبات,متوسط,تحط أهداف,27,تعايد أهلك وأصحابك,22,تسافر أو تتنزه,18,تتفاءل,14,تبدأ عادة جديدة,11,ترتب حساباتك,8
اذكر موقف يخليك تحس بالغيرة,مشاعر,صعب,نجاح صاحبك فجأة,22,قريبك شرى سيارة جديدة,20,ترقية زميلك,18,أهلك يقارنونك بغيرك,16,أحد سافر وأنت ما تقدر,13,حظ واحد ثاني,11
اذكر سبب تنتهي فيه الصداقة,مشاعر,متوسط,الخيانة وكشف الأسرار,28,الكذب,23,الغيرة والحسد,18,البعد وقلة التواصل,14,سوء فهم,10,المصالح,7
اذكر كلمة تقولها وقت الصلح,مشاعر,سهل,سامحني,30,ما قصدت,25,خلاص نسينا اللي صار,18,أنا غلطان,12,تعال نبدأ من جديد,10,اشتقت لك,5
اذكر شي تسويه لصاحبك وهو مريض,مشاعر,متوسط,تزوره,28,تتصل تطمن عليه,23,توديله أكل,18,تدعي له,14,تساعده بأغراضه,10,تقعد تسولف معه,7
اذكر سبب يخلي الزوجين يتخانقون,عائلة,متوسط,سوء تفاهم,26,الفلوس,22,تربية العيال,19,قلة الوقت مع بعض,15,تدخل الأهل,11,الغيرة,7
اذكر شي يفرح الجد أو الجدة,عائلة,سهل,زيارة الأحفاد,30,لمّة العائلة,25,خبر مولود جديد,18,يتصلون عليهم,12,تخرج أحد أحفادهم,10,يوزعون عيديات,5
اذكر شي يميز الأخ الكبير بالعائلة,عائلة,صعب,يحس بمسؤولية,21,يوجّه إخوانه,19,يشيل هم البيت,18,قدوة لهم,16,أول من يجرب كل شي,14,يدافع عنهم,12
اذكر سبب يخلي الواحد يعتذر,مشاعر,متوسط,جرح مشاعر أحد,26,تأخر عن موعد,22,غلط بالشغل,19,نسي مناسبة,15,كلمة طلعت بدون قصد,11,ما رد على أحد,7
اذكر شي تسويه أول ما تدخل بيت أحد أول مرة,عادات,متوسط,تسلم على الكل,27,تخلع جزمتك,22,تمدح البيت,18,تجيب هدية,14,تسأل وين تقعد,11,تشكرهم على الدعوة,8
اذكر شي يدل إن الواحد يكذب,مشاعر,صعب,كلامه يتغير,22,ما يطالعك بعينك,20,يتلخبط وهو يحكي,18,التفاصيل ما تتطابق,16,يتهرب من الأسئلة,13,يرد بسرعة زايدة,11
اذكر شي تسويه عشان تفرّح شريك حياتك,عائلة,متوسط,تسمع له,28,هدية مفاجئة,23,تقضي وقت معه,18,تساعده بالبيت,14,تمدحه,10,تطلعون روقان,7
اذكر سبب يبعّد الأصدقاء مع الوقت,مشاعر,صعب,الانشغال بالشغل,24,الزواج والأولويات,20,تغيّر الاهتمامات,17,السفر والانتقال,15,خلاف ما انحل,13,الكسل بالتواصل,11
اذكر أكلة إيطالية,أكل وشرب,سهل,البيتزا,35,الباستا,25,اللازانيا,18,الريزوتو,10,التيراميسو,7,الكانيلوني,5
اذكر أكلة مكسيكية,أكل وشرب,سهل,التاكو,32,البوريتو,26,الناتشوز,18,الكساديا,12,الفاهيتا,7,الجواكامولي,5
اذكر أكلة آسيوية مشهورة,أكل وشرب,صعب,السوشي,21,النودلز,19,الرامن,18,الكاري,16,الدمبلينج,14,سبرينج رول,12
اذكر نوع سلطة,أكل وشرب,صعب,سلطة سيزر,22,التبولة,20,الفتوش,18,سلطة خضرا,16,الزبادي بالخيار,13,سلطة الجرجير,11
اذكر نوع شوربة,أكل وشرب,صعب,شوربة العدس,24,شوربة الخضار,20,شوربة الدجاج,17,شوربة الطماطم,15,شوربة الشوفان,13,شوربة الفطر,11
اذكر حلا غربي مشهور,أكل وشرب,متوسط,الكيك,26,الدونات,22,البراوني,19,الكوكيز,15,الآيس كريم,11,الوافل,7
اذكر فطور غربي,أكل وشرب,صعب,البان كيك,22,البيض والبيكون,20,الوافل,18,السيريال,16,التوست بالمربى,13,الأومليت,11
اذكر مكوّن أساسي بالكبسة,السعودية,سهل,الرز,35,اللحم أو الدجاج,25,البهارات,18,البصل,10,الطماطم,7,اللومي,5
اذكر نوع رز,أكل وشرب,صعب,البسمتي,24,المزة,20,الينابيع,17,الأرز الأسمر,15,الأرز المصري,13,الجاسمين,11
اذكر أكلة بحرية,أكل وشرب,صعب,السمك المشوي,22,الربيان,20,سيادية بالسمك,18,الكابوريا,16,الحبار,13,السمك المقلي,11
اذكر مشروب غازي,أكل وشرب,سهل,بيبسي,32,كوكاكولا,26,سفن أب,18,فانتا,12,ميرندا,7,سبرايت,5
اذكر حلاوة يحبها الأطفال,أطفال,متوسط,الشوكولاتة,26,السكاكر الملونة,22,العلكة,19,المصاصة,15,الجيلي,11,الآيس كريم,7
اذكر شي يتضاف للقهوة العادية,أكل وشرب,صعب,حليب,22,سكر,20,كريمة,18,كراميل,16,قرفة,13,فانيلا,11
اذكر نوع معجنات,أكل وشرب,صعب,فطاير بالجبن,24,السمبوسة,20,الكرواسون,17,فطيرة سبانخ,15,المناقيش,13,الكيش,11
اذكر أكلة يحبها أغلب الأطفال,أطفال,سهل,البيتزا,30,البرجر,25,الدجاج المقلي,18,المكرونة,12,الناجتس,10,البطاطس,5
اذكر بهار يدخل بالأكل الهندي,أكل وشرب,صعب,الكاري,21,الكركم,19,الكزبرة,18,الهيل,16,الفلفل الحار,14,الكمون,12
اذكر مشروب يتقدم بالمناسبات السعودية,السعودية,متوسط,القهوة العربية,26,الشاي,22,عصير ليمون بالنعناع,19,القهوة التركية,15,السحلب,11,التمر هندي,7
اذكر أكلة مصرية شعبية,أكل وشرب,صعب,الكشري,21,الفول والطعمية,19,الملوخية,18,المحشي,16,الحمام المحشي,14,الفطير المشلتت,12
اذكر أكلة شامية,أكل وشرب,صعب,الحمص,22,الكبة,20,الشاورما,18,الفتوش,16,المجدرة,13,ورق العنب,11
اذكر أكلة يمنية,أكل وشرب,صعب,المندي,22,السلتة,20,الفحسة,18,العصيد,16,الشفوت,13,بنت الصحن,11
اذكر ملعب كرة قدم مشهور,رياضة,صعب,الملك فهد الدولي,21,سانتياغو برنابيو,19,كامب نو,18,أولد ترافورد,16,لوسيل,14,ويمبلي,12
اذكر مركز من مراكز كرة القدم,رياضة,سهل,مهاجم,32,حارس مرمى,26,مدافع,18,لاعب وسط,12,ظهير,7,جناح,5
اذكر بطولة تلعبها الأندية أو المنتخبات بآسيا والخليج,رياضة,متوسط,دوري أبطال آسيا,28,كاس آسيا,23,كاس الخليج,18,كاس العرب,14,كاس الملك,10,السوبر السعودي,7
اذكر شي يستخدمه لاعب التنس,رياضة,صعب,المضرب,21,الكرة,19,الشبكة,18,جزمة خاصة,16,العصابة,14,منشفة,12
اذكر رياضة الفوز فيها يتحدد بالثواني,رياضة,صعب,العدو 100 متر,22,السباحة,20,سباق السيارات,18,سباق الدراجات,16,سباق الخيل,13,التزلج السريع,11
اذكر مدرب كرة قدم عالمي,رياضة,صعب,بيب غوارديولا,24,كلوب,20,أنشيلوتي,17,مورينيو,15,زيدان,13,سيميوني,11
اذكر شي يصير لما فريق يفوز ببطولة,رياضة,سهل,احتفال الجماهير,30,يرفعون الكاس,25,ميداليات,18,مسيرة بالمدينة,12,مكافآت للاعبين,10,مؤتمر صحفي,5
اذكر لعبة تلعبها بيدك بس,رياضة,صعب,كرة اليد,22,كرة السلة,20,الكرة الطايرة,18,البولينغ,16,التنس الطاولة,13,الملاكمة,11
اذكر بطل ملاكمة أو فنون قتالية مشهور,رياضة,صعب,محمد علي كلاي,24,مايك تايسون,20,خبيب نورمحمدوف,17,كونور ماكريغور,15,ماني باكياو,13,فلويد مايويذر,11
اذكر شي يحتاجه الغواص,رياضة,صعب,أسطوانة الأكسجين,24,النظارة,20,الزعانف,17,بدلة الغوص,15,أنبوب التنفس,13,حزام الأوزان,11
اذكر شي يسويه الناس بالجيم,رياضة,سهل,حديد وأوزان,35,مشاية,25,تمارين كارديو,18,يوغا,10,سباحة,7,تمارين بطن,5
اذكر بطولة أو حدث رياضي سعودي,السعودية,متوسط,دوري روشن,26,كاس الملك,22,كاس ولي العهد,19,رالي داكار,15,فورمولا 1 جدة,11,السوبر الإيطالي بالرياض,7
اذكر دولة تشتهر بصناعة السيارات,جغرافيا,صعب,اليابان,21,ألمانيا,19,كوريا الجنوبية,18,أمريكا,16,إيطاليا,14,الصين,12
اذكر ماركة ساعات فخمة,عام,صعب,رولكس,22,أوميغا,20,كارتييه,18,تاغ هوير,16,باتيك فيليب,13,هوبلو,11
اذكر دولة تشتهر بالشاي,جغرافيا,صعب,الصين,22,الهند,20,سريلانكا,18,تركيا,16,بريطانيا,13,اليابان,11
اذكر دولة باردة ومعروفة بالثلوج,جغرافيا,صعب,روسيا,21,كندا,19,النرويج,18,السويد,16,فنلندا,14,سويسرا,12
اذكر جزيرة سياحية مشهورة,سفر,متوسط,المالديف,28,بالي,23,هاواي,18,سيشل,14,سانتوريني,10,فرسان,7
اذكر عملة أجنبية مشهورة,عام,سهل,الدولار,32,اليورو,26,الجنيه الإسترليني,18,الين الياباني,12,اليوان الصيني,7,الفرنك السويسري,5
اذكر معلم سياحي عالمي,جغرافيا,صعب,برج إيفل,21,تمثال الحرية,19,سور الصين العظيم,18,برج بيزا المايل,16,تاج محل,14,الأهرامات,12
اذكر دولة عربية بآسيا,جغرافيا,صعب,الأردن,22,العراق,20,سوريا,18,لبنان,16,اليمن,13,عُمان,11
اذكر مدينة سعودية غير الرياض وجدة ومكة والمدينة,السعودية,متوسط,الدمام,28,الطايف,23,أبها,18,تبوك,14,الأحسا,10,حايل,7
اذكر مكان بالسعودية جوه بارد وفيه جبال,السعودية,متوسط,أبها,26,الطايف,22,الباحة,19,النماص,15,تنومة,11,السودة,7
اذكر شي يميز جو المباراة بالملعب,رياضة,متوسط,هتاف الجماهير,28,أعلام وألوان,23,صافرة الحكم,18,الطبول والأهازيج,14,صوت المعلق,10,الشماريخ,7
اذكر مضيق أو ممر مائي مشهور,جغرافيا,صعب,مضيق هرمز,24,قناة السويس,20,جبل طارق,17,قناة بنما,15,البسفور,13,باب المندب,11
اذكر سوق شعبي بالسعودية,السعودية,صعب,البلد بجدة,22,سوق الزل بالرياض,20,قيصرية أبها,18,سوق طيبة بالمدينة,16,الحراج,13,سوق واقف بالدمام,11
اذكر موسم أو مهرجان سعودي,السعودية,سهل,موسم الرياض,30,موسم جدة,25,الجنادرية,18,شتاء طنطورة,12,سوق عكاظ,10,مهرجان الملك عبدالعزيز للإبل,5
اذكر لعبة شعبية قديمة,السعودية,صعب,الغميضة,24,الحجلة,20,السيجة,17,شد الحبل,15,الدحّة,13,المقصي,11
اذكر مشروب تراثي غير القهوة والشاي,السعودية,صعب,السحلب,22,الحلبة,20,الكركديه,18,اليانسون,16,القرفة بالحليب,13,العرديات,11
اذكر لبس تراثي نسائي خليجي,السعودية,صعب,العباية,22,الشيلة,20,الثوب النشل,18,البخنق,16,البرقع,13,الدراعة,11
اذكر حرفة يدوية تراثية,السعودية,صعب,السدو,24,الفخار,20,الخوص والسلال,17,النقش على الخشب,15,التطريز,13,صناعة البشوت,11
اذكر مناسبة وطنية سعودية,السعودية,سهل,اليوم الوطني,32,يوم التأسيس,26,يوم العلم,18,ذكرى البيعة,12,يوم بداية رؤية 2030,7,يوم الوطن الرياضي,5
اذكر متحف أو معلم ثقافي سعودي,السعودية,صعب,المتحف الوطني,22,قصر المصمك,20,مركز إثراء,18,حي الطريف بالدرعية,16,متحف العلا,13,قصر شبرا بالطايف,11
اذكر كلمة سعودية ما يفهمها غير أهل الخليج,السعودية,صعب,طفشان,21,كشتة,19,عاد,18,ترى,16,هرج,14,فله,12
اذكر أكلة نجدية أو قصيمية,السعودية,صعب,المرقوق,21,الجريش,19,القرصان,18,المطازيز,16,المفروكة,14,الحنيني,12
اذكر ملك من ملوك السعودية,السعودية,سهل,الملك عبدالعزيز,32,الملك سلمان,26,الملك فهد,18,الملك عبدالله,12,الملك فيصل,7,الملك خالد,5
اذكر مخترع غيّر حياة الناس,تاريخ,صعب,توماس إديسون,24,غراهام بيل,20,الأخوان رايت,17,نيكولا تسلا,15,هنري فورد,13,ستيف جوبز,11
اذكر عالم مسلم قديم,تاريخ,صعب,ابن سينا,22,الخوارزمي,20,ابن الهيثم,18,جابر بن حيان,16,الرازي,13,البيروني,11
اذكر قائد إسلامي مشهور,تاريخ,صعب,خالد بن الوليد,22,صلاح الدين,20,طارق بن زياد,18,عقبة بن نافع,16,محمد الفاتح,13,سعد بن أبي وقاص,11
اذكر حضارة قديمة,تاريخ,صعب,الفرعونية,24,الرومانية,20,الإغريقية,17,بابل,15,الصينية,13,حضارة الأنباط,11
اذكر حدث غيّر العالم بالقرن الماضي,تاريخ,متوسط,الحرب العالمية الثانية,27,نزول الإنسان على القمر,22,سقوط جدار برلين,18,اكتشاف النفط بالسعودية,14,اختراع الإنترنت,11,الحرب العالمية الأولى,8
اذكر شي يحتاجه رايد الفضا,علوم,صعب,بدلة الفضا,22,خوذة,20,أكسجين,18,مركبة فضائية,16,أكل معلب خاص,13,جهاز اتصال,11
اذكر عالم فيزياء مشهور,علوم,سهل,أينشتاين,32,نيوتن,26,ستيفن هوكينغ,18,نيكولا تسلا,12,ماري كوري,7,غاليليو,5
اذكر شي تدرسه بمادة الأحياء,علوم,صعب,الخلية,21,جسم الإنسان,19,النباتات,18,الحيوانات,16,الوراثة,14,البكتيريا,12
اذكر ظاهرة تشوفها بالسما,علوم,متوسط,القمر,28,النجوم,23,الشهب,18,كسوف الشمس,14,خسوف القمر,10,قوس قزح,7
اذكر حيوان مهدد بالانقراض,حيوانات,صعب,النمر,22,وحيد القرن,20,الباندا,18,الفهد العربي,16,الغوريلا,13,المها العربي,11
اذكر حيوان يعيش بمجموعات,حيوانات,صعب,النمل,21,النحل,19,الذيب,18,الفيلة,16,الطيور المهاجرة,14,السمك,12
اذكر حيوان له فرو,حيوانات,صعب,الدب,24,القط,20,الأرنب,17,الذيب,15,الخروف,13,الثعلب,11
اذكر حيوان يطلع الشجر,حيوانات,سهل,القرد,30,السنجاب,25,القط,18,الكوالا,12,الثعبان,10,النمر,5
اذكر نبتة يزرعونها بالبيت للزينة,طبيعة,صعب,الصبار,21,الورد,19,الياسمين,18,النعناع,16,الريحان,14,نبتة الموز الزينة,12
اذكر فصل أو وقت تزهر فيه الطبيعة,طبيعة,سهل,الربيع,35,بعد المطر,25,الشتا بالجنوب,18,الخريف,10,أول الصيف بالجبال,7,موسم الورد بالطايف,5
اذكر شي يصير وقت المطر,طبيعة,سهل,ريحة التراب,32,الماء يتجمع بالشوارع,26,الجو يبرد,18,زحمة سيارات,12,قوس قزح,7,انقطاع الكهربا,5
اذكر شي تلقاه بشنطة الطالب,تعليم,متوسط,الكتب والدفاتر,28,الأقلام,23,المبراة والممحاة,18,علبة الفطور,14,المسطرة,10,الآلة الحاسبة,7
اذكر شي يصير بحفل التخرج,تعليم,متوسط,توزيع الشهادات,26,التصوير,22,كلمة الخريجين,19,رمي القبعات,15,تكريم الأوائل,11,الزغاريد والتهاني,7
اذكر مادة صعبة على أغلب الطلاب,تعليم,متوسط,الرياضيات,28,الفيزياء,23,الكيميا,18,الإحصاء,14,البرمجة,10,النحو,7
اذكر شي يحتاجه الطالب وقت الاختبارات,تعليم,متوسط,التركيز,26,يذاكر من بدري,22,قهوة أو مشروب طاقة,19,نوم كافي,15,جو هادي,11,ملخصات,7
اذكر تخصص مطلوب بسوق العمل,وظائف,متوسط,الطب,28,الهندسة,23,تقنية المعلومات,18,إدارة الأعمال,14,المحاسبة,10,الأمن السيبراني,7
اذكر شي يميز بيئة العمل الحلوة,عمل,متوسط,احترام الموظفين,26,راتب عادل,22,فرص تطوير,19,توازن مع الحياة,15,مدير متفهم,11,زملا طيبين,7
اذكر مهنة شغلها كله تعامل مع الناس,وظائف,صعب,المبيعات,22,خدمة العملاء,20,التسويق,18,الإعلام,16,الضيافة,13,المعلم,11
اذكر شي يسبب ضغط بالشغل,عمل,متوسط,كثرة المهام,28,قرب التسليم,23,قلة الموظفين,18,توقعات المدير,14,كثرة الاجتماعات,10,مشاكل مع زميل,7
اذكر مهنة يدوية,وظائف,صعب,النجار,24,الكهربائي,20,السباك,17,الميكانيكي,15,الخياط,13,الحداد,11
اذكر شي يتقيّم فيه الموظف,عمل,صعب,الالتزام بالدوام,22,جودة الشغل,20,العمل الجماعي,18,الانضباط,16,المبادرة,13,تطوير نفسه,11
اذكر تمرين رياضي شائع,صحة,سهل,المشي,30,الجري,25,تمارين البطن,18,الضغط,12,السكوات,10,الحديد,5
اذكر سبب يخلي الوزن يزيد,صحة,متوسط,كثرة الأكل,28,قلة الحركة,23,الوجبات السريعة,18,السهر,14,المشروبات الغازية,10,الأكل بالليل,7
اذكر نصيحة يكررها كل دكتور,صحة,متوسط,اشرب ماء,26,نام بدري,22,قلل السكر والملح,19,تحرك وتريض,15,سوّ فحص دوري,11,بطّل التدخين,7
اذكر شي يساعدك تنام زين,صحة,متوسط,تطفي الأنوار,26,تبعد الجوال,22,جو هادي وبارد,19,ما تشرب قهوة بالليل,15,تنام بنفس الوقت,11,دش دافي,7
اذكر مرض ينتشر بالشتا,صحة,سهل,الزكام,35,الإنفلونزا,25,التهاب الحلق,18,الكحة,10,الحساسية,7,جفاف الجلد,5
اذكر شي تسويه بالمطار قبل رحلتك,سفر,متوسط,تسجيل الوصول,28,الجوازات,23,تنتظر الصعود,18,تتسوق بالسوق الحرة,14,تشرب قهوة,10,تشحن جوالك,7
اذكر شي يعصّبك بالمطار,سفر,سهل,تأخر الرحلة,32,طول الانتظار,26,زحمة الجوازات,18,شنطتك ما وصلت,12,الوزن الزايد,7,غلا أسعار الأكل,5
اذكر شي يميز السفر بالقطار,سفر,متوسط,مريح,27,تشوف المناظر,22,ما فيه زحمة,18,ما تحتاج تسوق,14,أسرع من السيارة,11,سعره مناسب,8
اذكر وسيلة تتنقل فيها داخل المدينة,سفر,متوسط,سيارتك,28,أوبر أو كريم,23,الباص,18,المترو,14,التاكسي,10,الدباب,7
اذكر شي تجهزه قبل رحلة بر طويلة,السعودية,متوسط,تعبي بنزين,26,تشيك الإطارات,22,ماء وأكل,19,شاحن السيارة,15,تطبيق الخرايط,11,عدة وكفر احتياطي,7
اذكر ممثل عربي مشهور,فن,صعب,عادل إمام,24,ناصر القصبي,20,أحمد حلمي,17,محمد هنيدي,15,كريم عبدالعزيز,13,عبدالله السدحان,11
اذكر ممثل عالمي مشهور,فن,صعب,ليوناردو دي كابريو,21,توم كروز,19,دواين جونسون,18,ويل سميث,16,جوني ديب,14,روبرت داوني,12
اذكر فيلم كرتون لديزني,فن,صعب,الأسد الملك,22,فروزن,20,توي ستوري,18,موانا,16,علاء الدين,13,الحصان الطاير,11
اذكر نوع أفلام,ترفيه,سهل,أكشن,30,كوميدي,25,رعب,18,رومانسي,12,خيال علمي,10,وثائقي,5
اذكر مسلسل رمضاني عربي,فن,صعب,باب الحارة,21,الهيبة,19,رشاش,18,سيلفي,16,طاش ما طاش,14,الاختيار,12
اذكر مطرب أو مطربة عربية,فن,صعب,محمد عبده,22,راشد الماجد,20,طلال مداح,18,أصالة,16,حسين الجسمي,13,عبادي الجوهر,11
اذكر مول أو مركز تسوق سعودي,السعودية,صعب,الرياض بارك,22,مول العرب,20,النخيل مول,18,الظهران مول,16,بوليفارد,13,رد سي مول,11
اذكر سبب يخلي الواحد يوفر,مال,متوسط,يشتري بيت,28,الزواج,23,للطوارئ,18,السفر,14,التقاعد,10,يبدأ مشروع,7
اذكر موسم تخفيضات معروف,مال,سهل,الجمعة البيضا,32,تخفيضات نهاية الموسم,26,عروض العيد,18,عروض رمضان,12,عروض اليوم الوطني,7,عروض العودة للمدارس,5
اذكر طريقة دفع يستخدمها الناس,مال,متوسط,البطاقة البنكية,26,آبل باي,22,تحويل بنكي,19,كاش,15,الدفع عند الاستلام,11,تابي وتمارا,7
اذكر سبب يرفع أسعار شي,مال,صعب,قلة المعروض,22,زيادة الطلب,20,غلا الشحن,18,التضخم,16,المواسم والمناسبات,13,الضرايب,11
اذكر شي تجهزه لاستقبال ضيوف,عادات,متوسط,ترتب البيت,26,قهوة وتمر,22,تجهز الأكل,19,تبخر المجلس,15,تجهز القعدة,11,تجيب حلا,7
اذكر مناسبة تقدم فيها هدية,مناسبات,متوسط,الزواج,26,مولود جديد,22,العيد,19,التخرج,15,عيد ميلاد,11,بيت جديد,7
اذكر شي ما يصير بدونه عيد ميلاد,مناسبات,سهل,الكيكة والشموع,30,أغنية التهنئة,25,الهدايا,18,البالونات,12,دعوة الأصحاب,10,التصوير,5
اذكر شي يصير بمجلس العزا,عادات,متوسط,قراءة القرآن,28,تعزية الأهل,23,قهوة سادة,18,الدعا للميت,14,السكوت والهدوء,10,توزيع أكل,7
اذكر شي يصير بملكة أو عقد قران,مناسبات,متوسط,توقيع العقد,26,حضور أهل الطرفين,22,قراءة الفاتحة,19,توزيع الحلا,15,التصوير,11,الزغاريد,7
اذكر جهاز ذكي بالبيوت الحديثة,تقنية,صعب,مكبر صوت ذكي,22,كاميرا مراقبة,20,إضاءة ذكية,18,قفل ذكي,16,روبوت تنظيف,13,مكيف يتحكم فيه بالجوال,11
اذكر أداة تستخدمها بحديقة البيت,بيت,صعب,خرطوم الماء,24,المقص,20,القفازات,17,الجاروف,15,المرشة,13,جزازة العشب,11
اذكر شي تلقاه بغرفة الأطفال,أطفال,متوسط,السرير,26,الألعاب,22,رسومات على الجدار,19,دولاب الملابس,15,مصباح ليلي,11,مكتب صغير,7
اذكر شي يغيّر شكل البيت بسرعة,بيت,متوسط,الدهان,27,ورق الجدران,22,الإضاءة,18,السجاد والستاير,14,ترتيب الأثاث,11,النباتات,8
اذكر شي تحتاجه وقت انقطاع الكهربا,بيت,سهل,الكشاف,35,الشموع,25,مولد كهربا,18,باور بانك,10,جوال مشحون,7,مروحة شحن,5
اذكر شي يصير بيوم الغبار,السعودية,متوسط,ما تشوف قدامك,28,الحساسية تهيج,23,المدارس تعلق,18,الرحلات تتأخر,14,البيت كله تراب,10,تغسل سيارتك مرتين,7
اذكر شي تحتاجه بيوم حره شديد,السعودية,سهل,ماء بارد,30,المكيف,25,ظل,18,واقي شمس,12,ملابس خفيفة,10,تقعد بالبيت,5
اذكر حالة جوية تحذر منها الأرصاد,السعودية,متوسط,السيول,28,الغبار,23,الرياح الشديدة,18,الأمطار الغزيرة,14,الصقيع,10,موجة الحر,7
اذكر لعبة ورق,ألعاب,سهل,البلوت,35,الطرنيب,25,الكوتشينة,18,الأونو,10,الهاند,7,الكيرم,5
اذكر لعبة يلعبها الأطفال بالحوش,ألعاب,متوسط,الغميضة,26,الكرة,22,نط الحبل,19,شد الحبل,15,الحجلة,11,الدراجة,7
اذكر لعبة لوحية,ألعاب,صعب,المونوبولي,22,الشطرنج,20,الدومينو,18,سكرابل,16,الكيرم,13,الطاولة,11
اذكر نشاط تسويه العائلة مع بعض,عائلة,متوسط,يلعبون ورق,26,يتفرجون فيلم,22,سوالف وقعدة,19,يطبخون سوا,15,لعبة جماعية,11,يطلعون بر,7
اذكر شي تلقاه بعلبة الإسعافات,صحة,صعب,شاش وضمادات,21,مطهر,19,لاصق طبي,18,مقص,16,بنادول,14,قفازات,12
اذكر شي يستخدمه المصور,فن,صعب,الكاميرا,22,الحامل الثلاثي,20,العدسات,18,الإضاءة,16,بطاقة الذاكرة,13,الريفلكتر,11
اذكر تصرف يبيّن إن الشخص كريم,مشاعر,صعب,يساعد المحتاجين,22,يشارك أكله,20,يستضيف الناس,18,يعطي بدون مقابل,16,يدفع الحساب,13,ما يمنّ على أحد,11
اذكر سبب يخليك تثق بشخص,مشاعر,صعب,صادق بتعامله,24,يلتزم بوعده,20,يحفظ السر,17,وقف معك بالأزمة,15,ينصحك بصراحة,13,ما يتكلم عن الناس,11
اذكر صفة لازم تكون بالقائد,عمل,صعب,يقرر صح,22,يسمع لفريقه,20,يتحمل المسؤولية,18,يحفّز ويلهم,16,رؤيته واضحة,13,عادل,11
اذكر شي يخلي الاجتماع ناجح,عمل,صعب,أجندة واضحة,24,الالتزام بالوقت,20,الكل يشارك,17,قرارات واضحة بالنهاية,15,ما يطول,13,يبدأ بوقته,11
اذكر سبب يخلي تطبيق جوال ينجح,تقنية,صعب,سهل الاستخدام,22,سريع,20,تصميم حلو,18,يحل مشكلة فعلية,16,خدمة عملاء ممتازة,13,تحديثات مستمرة,11
اذكر شي يميز المدينة الذكية,تقنية,صعب,خدمات حكومية إلكترونية,24,مواصلات متطورة,20,كاميرات ذكية,17,طاقة نظيفة,15,إنترنت سريع,13,مواقف ذكية,11
اذكر شي يحتاجه الطالب بالمحاضرة أونلاين,تعليم,متوسط,لابتوب,26,سماعات,22,إنترنت ثابت,19,الكاميرا,15,دفتر ملاحظات,11,مكان هادي,7
اذكر تصرف يبيّن إن الشخص متواضع,مشاعر,صعب,ما يتفاخر بإنجازاته,22,يحترم الكل بنفس الطريقة,20,يقبل النقد,18,يساعد بدون منّة,16,بسيط بلبسه وتعامله,13,يعترف بغلطه,11
اذكر شي يزعجك بمكان الشغل,عمل,متوسط,الصوت العالي,27,زميل كثير الكلام,22,اجتماعات بدون فايدة,18,المقاطعة وأنت مركز,14,فوضى المكتب,11,التكييف بارد أو حار,8
اذكر شي يميز فريق شغل ناجح,عمل,صعب,التعاون,22,التواصل الواضح,20,احترام الأدوار,18,الثقة,16,هدف مشترك,13,ما فيه مجاملات,11
اذكر شي يخليك تقف وتشوف إعلان,تسويق,متوسط,فكرة مضحكة,27,خصم أو عرض,22,مشهور يطلع فيه,18,الموسيقى,14,قصة مؤثرة,11,المنتج نفسه يعجبك,8
اذكر شي يخليك تشتري من متجر إلكتروني وترجع له,تسويق,متوسط,التوصيل سريع,26,الإرجاع سهل,22,السعر منافس,19,تقييمات المنتجات,15,خدمة العملا,11,الدفع آمن,7
اذكر شي يصير بافتتاح محل جديد,تسويق,سهل,خصومات,32,زحمة,26,هدايا ترويجية,18,قص الشريط,12,قهوة وضيافة,7,تصوير ومؤثرين,5
اذكر شي يخليك ترجع لمطعم مرة ثانية,أكل وشرب,سهل,طعم الأكل,30,النظافة,25,سرعة التقديم,18,تعامل الموظفين,12,الأسعار,10,المكان والجو,5
اذكر شي يسويه النادل بالمطعم,وظائف,متوسط,يستقبلك,26,يعطيك المنيو,22,ياخذ الطلب,19,يقدم الأكل,15,يجيب الفاتورة,11,ينظف الطاولة,7
اذكر شي يميز فندق خمس نجوم,سفر,صعب,خدمة راقية,22,غرف فاخرة,20,مسبح وسبا,18,مطاعم متنوعة,16,الموقع,13,بوفيه فطور فخم,11
اذكر شي تحتاجه عشان تبدأ مشروع صغير,مال,متوسط,رأس مال,26,فكرة واضحة,22,سجل تجاري,19,دراسة جدوى,15,مكان أو متجر إلكتروني,11,تسويق,7
اذكر متجر إلكتروني مشهور,تقنية,سهل,أمازون,32,نون,26,شي إن,18,علي إكسبرس,12,سلة,7,آي هيرب,5
اذكر شي يبيّن إن الشخص عصبي,مشاعر,سهل,يعصب بسرعة,30,يرفع صوته,25,ما يصبر,18,يندم بعدين,12,يتصرف باندفاع,10,يضرب بيده الطاولة,5
اذكر شي يهدي شخص معصب,مشاعر,متوسط,تكلمه بهدوء,26,تتركه شوي لحاله,22,تعتذر,19,تغير الموضوع,15,تعطيه ماء بارد,11,تضحكه,7
اذكر شي يميز الشخص الطموح,مشاعر,صعب,يحط أهداف,22,يشتغل بجد,20,ما يستسلم,18,يطور نفسه,16,يتعلم من فشله,13,ما يقارن نفسه بغيره,11
اذكر شي يعطيك إحساس إنك أنجزت,مشاعر,متوسط,تخلص مشروع صعب,26,تحقق هدف طال,22,تساعد محتاج,19,تتعلم مهارة,15,التخرج أو الترقية,11,تخلص قائمة مهامك,7
اذكر شي يميز الشخص المنظم,مشاعر,صعب,يخطط ليومه,24,يرتب أغراضه,20,يلتزم بالمواعيد,17,يكتب قوائم,15,مكتبه مرتب,13,جواله مرتب ونظيف,11
اذكر عادة سيئة الناس تحاول تتركها,صحة,متوسط,التدخين,28,السهر,23,تأجيل المهام,18,الأكل غير الصحي,14,قضم الأظافر,10,إدمان الجوال,7
اذكر شي يبيّن إن الشخص صادق,مشاعر,صعب,يقول الحق لو كان صعب,22,كلامه يطابق فعله,20,يعترف بغلطه,18,ما يبالغ بالقصص,16,الناس تثق فيه,13,ما يوعد إلا ينفذ,11
اذكر شي يعطيك أمل,مشاعر,متوسط,نجاح بعد تعب,27,دعم أهلك,22,التوكل على الله,18,قصة نجاح ملهمة,14,الأمور تتحسن شوي شوي,11,طفل صغير,8
اذكر شي يعلمك إياه الفشل,مشاعر,متوسط,الصبر,26,تحاول بطريقة أحسن,22,التواضع,19,تعرف غلطك وين,15,ما تستسلم,11,من تثق فيه فعلاً,7
اذكر شي يسويه الشخص المتفائل بيومه,مشاعر,صعب,يبتسم من الصباح,24,يحمد الله,20,يخطط ليوم منتج,17,يتوقع الأفضل,15,يشجع اللي حوله,13,ما يعلق على السلبيات,11
اذكر هدف يحطه الناس بأول السنة,عام,متوسط,يتريض بانتظام,28,يوفر فلوس,23,يقرا كتب,18,يخس وزن,14,يتعلم مهارة,10,يبطل عادة سيئة,7
اذكر شي يخلي القعدة العائلية حلوة,عائلة,متوسط,الكل حاضر,26,سوالف وضحك,22,أكل لذيذ,19,تبادل الأخبار,15,ما فيه جوالات,11,ما فيه خلافات,7
اذكر سبب يخلي الواحد يحب مدينته,مشاعر,متوسط,ذكرياته فيها,28,أهله وأصحابه,23,الأمان والراحة,18,معالمها,14,جوها,10,أكلها,7
اذكر شي يبيّن إن الشخص كريم بوقته,مشاعر,صعب,يساعد بدون تذمر,24,يسمع لمشاكلك,20,يعطي وقته لأهله,17,يتطوع,15,صبور مع الناس,13,يرد على مكالماتك,11
اذكر شي يصير بمعرض توظيف,وظائف,متوسط,توزيع السير الذاتية,26,مقابلات سريعة,22,تعرف على شركات,19,ورش تدريبية,15,زحمة,11,عروض تدريب,7
اذكر شي يميز خطاب أو كلمة مؤثرة,عمل,صعب,قصة ملهمة,22,رسالة واضحة,20,ثقة المتحدث,18,تفاعل مع الحضور,16,ما تطول,13,نبرة الصوت,11
اذكر شي يساعدك تتعلم لغة جديدة بسرعة,تعليم,متوسط,الممارسة اليومية,26,تتكلم مع أهل اللغة,22,أفلام ومسلسلات باللغة,19,تطبيقات التعلم,15,حفظ المفردات,11,تسافر لبلدهم,7
اذكر شي تسويه عشان تطور نفسك بالشغل,عمل,متوسط,دورات تدريبية,27,تقرا بمجالك,22,تطلب ملاحظات من مديرك,18,تتعلم من الأكبر خبرة,14,الممارسة,11,تشتغل على مشروع جديد,8
اذكر شي يميز العرض التقديمي الناجح,عمل,متوسط,محتوى واضح,26,شرائح بسيطة,22,ثقة المتحدث,19,تفاعل الحضور,15,يلتزم بالوقت,11,أمثلة واقعية,7
اذكر شي تسويه عشان توفر بالمصاريف,مال,صعب,تسوي ميزانية,22,تقلل الطلبات والمطاعم,20,تقارن الأسعار,18,تبطل الشراء العشوائي,16,تلغي اشتراكات ما تستخدمها,13,توفر أول الشهر,11
اذكر شي يساعدك تاخذ قرار صعب,مشاعر,متوسط,تستشير شخص تثق فيه,26,تستخير,22,تكتب الإيجابيات والسلبيات,19,تاخذ وقتك,15,تسمع لحدسك,11,تنام عليها ليلة,7
اذكر شي يصير لك بدولة ما تعرف لغتهم,سفر,متوسط,ما تقدر تفاهمهم,26,تستخدم الترجمة,22,تتكلم بالإشارات,19,تتعلم كلمات أساسية,15,تدور على عربي,11,تضيع عن الطريق,7
اذكر شي يميز المدينة الساحلية,جغرافيا,متوسط,الشواطئ,28,المطاعم البحرية,23,النسيم,18,الرطوبة,14,الكورنيش,10,الأنشطة المائية,7
اذكر شي تحس فيه لما تزور مكان أول مرة,مشاعر,صعب,حماس وفضول,24,تتوه بالبداية,20,تنبهر بالمنظر,17,تبي تصور كل شي,15,تحس بالغربة,13,تقارنه ببلدك,11
اذكر شي يميز الشخص اللي يحب المغامرة,مشاعر,صعب,يجرب أشياء خطرة,22,يحب أماكن غريبة,20,يحب التحدي,18,ما يخاف يجرب,16,يسافر لحاله,13,ما يخطط كثير,11
اذكر شي يخلي الرحلة البرية ممتعة,السعودية,متوسط,رفقة حلوة,26,تخطيط للطريق,22,جو مناسب,19,أكل وشوي,15,وقفات مريحة,11,مكان حلو تنصب فيه,7
اذكر شي يصير بمخيم أو معسكر,ترفيه,صعب,أنشطة جماعية,24,النوم بالخيام,20,النار والسمر,17,مسابقات وألعاب,15,تعلم مهارات,13,طبخ على الحطب,11
اذكر شي يستخدم فيه الناس الذكاء الاصطناعي,تقنية,متوسط,كتابة ورسايل,26,توليد صور,22,الترجمة,19,تلخيص وبحث,15,البرمجة,11,المساعدات الصوتية,7
اذكر تطبيق ذكاء اصطناعي,تقنية,سهل,تشات جي بي تي,35,كلود,25,جيميناي,18,ميدجورني,10,كوبايلوت,7,ديب سيك,5
اذكر شي يميز الجوال الجديد عن القديم,تقنية,متوسط,الكاميرا,26,سرعة المعالج,22,المساحة,19,الشاشة,15,البطارية,11,التصميم,7
اذكر جهاز تلبسه عليك,تقنية,سهل,الساعة الذكية,32,السماعات اللاسلكية,26,سوار اللياقة,18,نظارة الواقع الافتراضي,12,خاتم ذكي,7,نظارة ذكية,5
اذكر منصة تتفرج فيها مقاطع قصيرة أو بودكاست,تقنية,سهل,يوتيوب,32,تيك توك,26,انستقرام ريلز,18,سناب شات,12,سبوتيفاي,7,إكس,5
اذكر شي يحمي البيئة,بيئة,متوسط,إعادة التدوير,26,تقليل البلاستيك,22,توفير الماء والكهربا,19,زراعة الأشجار,15,الطاقة الشمسية,11,المواصلات العامة,7
اذكر مصدر طاقة متجددة,علوم,سهل,الطاقة الشمسية,32,طاقة الرياح,26,الطاقة المائية,18,الحرارة الأرضية,12,طاقة الأمواج,7,الوقود الحيوي,5
اذكر شي يلوث الهوا,بيئة,سهل,عوادم السيارات,30,دخان المصانع,25,حرق النفايات,18,الغبار,12,التدخين,10,المبيدات,5
اذكر شي لازم يكون بالسيارة للسلامة,عام,متوسط,حزام الأمان,28,الوسائد الهوائية,23,طفاية حريق,18,مثلث التحذير,14,إطار احتياطي,10,علبة إسعافات,7
اذكر رقم طوارئ تعرفه,السعودية,سهل,999 الشرطة,35,997 الهلال الأحمر,25,998 الدفاع المدني,18,911 الموحد,10,993 حوادث الطرق,7,940 المرور,5
اذكر شي لازم تسويه وقت الحريق,عام,سهل,تتصل بالدفاع المدني,30,تطلع بسرعة,25,ما تستخدم المصعد,18,تغطي فمك من الدخان,12,تستخدم الطفاية,10,تقفل الغاز,5
اذكر شي يخلي الطفل يحب القراءة,أطفال,متوسط,قصص مصورة,26,أهله يقرون له,22,زيارة المكتبة,19,مكافأة بعد كل كتاب,15,قصة قبل النوم,11,يشوف أهله يقرون,7
اذكر شي لازم تعلمه عيالك بالبيت,أطفال,متوسط,الأدب والاحترام,26,النظافة,22,يساعدون بالبيت,19,يدير مصروفه,15,الصدق,11,يعتذر لما يغلط,7
اذكر لعبة تنمي ذكاء الطفل,أطفال,متوسط,المكعبات,27,البازل,22,لعبة الذاكرة,18,الحروف والأرقام,14,الشطرنج,11,الرسم,8
اذكر شي يحتاجه كبار السن,عائلة,متوسط,رعاية صحية,28,الونس وعدم الوحدة,23,أدويتهم بوقتها,18,بيت آمن,14,مشي ونشاط خفيف,10,أحد يسمع لهم,7
اذكر شي يحب كبار السن يسمعونه من أحفادهم,عائلة,متوسط,يسولفون لهم عن يومهم,26,كلام حنون,22,يطلبون نصيحتهم,19,يدعون لهم,15,يشكرونهم,11,يقولون لهم اشتقنا لكم,7
اذكر شي يحتاجه القط أو الكلب بالبيت,حيوانات,متوسط,أكل خاص,26,مكان ينام فيه,22,الطبيب البيطري,19,لعب وحركة,15,استحمام وعناية,11,تطعيمات,7
اذكر سبب يخلي الناس تربي حيوان أليف,حيوانات,متوسط,الونس,27,يحب الحيوانات,22,يعلم العيال المسؤولية,18,الحراسة,14,يريّح نفسياً,11,للشكل والزينة,8
اذكر نمط ديكور معروف,بيت,صعب,المودرن,24,الكلاسيكي,20,الاسكندنافي,17,البوهيمي,15,الصناعي,13,النيو كلاسيك,11
اذكر شي يزين المجلس,بيت,متوسط,الإضاءة الدافية,26,الوسائد,22,لوحات,19,نباتات,15,السجاد,11,مبخرة ودلة,7
اذكر إكسسوار تلبسه النساء,عام,صعب,الخاتم,22,السوار,20,القلادة,18,الحلق,16,الساعة,13,الخلخال,11
اذكر مناسبة تلبس فيها رسمي,عام,متوسط,المقابلة الوظيفية,28,العرس,23,التخرج,18,اجتماع مهم,14,مناسبة رسمية,10,جلسة تصوير,7
اذكر نوع قهوة عالمي,أكل وشرب,صعب,إسبريسو,21,لاتيه,19,كابتشينو,18,أمريكانو,16,موكا,14,فلات وايت,12
اذكر أداة تستخدمها بتحضير القهوة,أكل وشرب,صعب,المطحنة,24,مكينة الإسبريسو,20,الميزان,17,الكيتل,15,الفلتر,13,الدلة,11
اذكر رياضة تلعبها على الثلج,رياضة,صعب,التزلج,24,هوكي الجليد,20,السنوبورد,17,الزحافة,15,التزلج الفني,13,كيرلنغ,11
اذكر سبب ينتشر فيه مقطع بالسوشال ميديا,تقنية,صعب,مضحك,22,يخص موضوع الكل يتكلم عنه,20,مشهور نشره,18,فكرة غريبة ومبتكرة,16,توقيت مناسب,13,يثير جدل,11
اذكر شي يميز صانع محتوى ناجح,تقنية,صعب,ينشر باستمرار,22,يتفاعل مع متابعينه,20,فكرته مختلفة,18,جودة التصوير والمونتاج,16,صادق ما يتصنع,13,يعرف جمهوره,11
اذكر تحدي يواجهه اللي يشتغل من البيت,عمل,متوسط,صعوبة التركيز,26,قلة التواصل مع الفريق,22,الشغل يختلط بالراحة,19,مشاكل الإنترنت,15,الشعور بالعزلة,11,العيال والزعاج,7
اذكر تطبيق يستخدمه فريق الشغل عن بعد,عمل,صعب,زوم,21,مايكروسوفت تيمز,19,سلاك,18,جوجل ميت,16,واتساب,14,تريلو,12
اذكر شي يقلل التوتر,صحة,متوسط,التنفس العميق,26,الرياضة,22,تتكلم مع أحد,19,تاخذ استراحة,15,الدعا والذكر,11,تمشي برا,7
اذكر سبب شائع للتوتر,صحة,متوسط,ضغط الشغل,28,الفلوس,23,الزحمة,18,مشاكل العلاقات,14,قلة الوقت,10,قلة النوم,7
اذكر ميزة بالسيارات الكهربائية,تقنية,متوسط,ما تحتاج بنزين,26,المحرك هادي,22,تسارع سريع,19,صيانة أقل,15,صديقة للبيئة,11,شاشات وتقنيات,7
اذكر ماركة سيارة كهربائية,تقنية,سهل,تسلا,35,لوسيد,25,بي واي دي,18,بورش تايكان,10,هيونداي أيونيك,7,مرسيدس EQ,5
اذكر فرق بين المدينة الكبيرة والقرية,عام,متوسط,سرعة الحياة والزحمة,26,الخدمات والمولات,22,قلة الهدوء,19,فرص الشغل,15,الناس ما تعرف بعض,11,غلا المعيشة,7
اذكر مشكلة يعاني منها سكان المدن الكبيرة,عام,سهل,الزحمة,30,غلا المعيشة,25,قلة المواقف,18,التلوث,12,الضوضاء,10,بعد المسافات,5
اذكر نوع كتب يقراها الناس,تعليم,صعب,الروايات,22,تطوير الذات,20,الكتب الدينية,18,السير الذاتية,16,الكتب العلمية,13,كتب التاريخ,11
اذكر سبب يخلي الواحد يحب القراءة,تعليم,متوسط,يزيد معرفته,27,يهرب من الروتين,22,يحسن لغته,18,يريّح ذهنه,14,يطور تفكيره,11,يحب القصص,8
اذكر مصطلح مالي تسمعه كثير,مال,صعب,الفايدة,22,التضخم,20,الميزانية,18,الاستثمار,16,القرض,13,الأسهم,11
اذكر طريقة استثمار يعرفها الناس,مال,صعب,الأسهم,22,العقار,20,الذهب,18,الصناديق الاستثمارية,16,العملات الرقمية,13,مشروع خاص,11
اذكر شي ينشطك بالصباح,حياة يومية,متوسط,القهوة,26,دش بارد,22,رياضة خفيفة,19,فطور صحي,15,أغنية تحبها,11,تفتح الستاير,7
اذكر عادة مسائية تريّحك,حياة يومية,صعب,تقرا كتاب,24,دش دافي,20,مشي بعد العشا,17,تتفرج على شي خفيف,15,تكتب يومياتك,13,تسمع قرآن,11
اذكر شي يميز مقدم نشرة الأخبار,فن,صعب,صوت واضح,24,ثقة بالنفس,20,مظهر أنيق,17,سرعة بديهة,15,ما يتلعثم,13,متابع للأخبار,11
اذكر شي يستخدمه المذيع بالاستوديو,فن,صعب,الميكروفون,24,سماعة الأذن,20,البرومبتر,17,الكاميرا,15,الإضاءة,13,كروت الأسئلة,11
اذكر مهرجان أو حدث عالمي مشهور,ترفيه,صعب,مهرجان كان,24,كوميك كون,20,كوتشيلا,17,إكسبو,15,مهرجان البالونات,13,أوسكار,11
اذكر شي يميز مسابقة تلفزيونية ناجحة,ترفيه,متوسط,جوايز مغرية,26,منافسة مثيرة,22,مقدم محبوب,19,لجنة تحكيم معروفة,15,تفاعل الجمهور,11,أسئلة ذكية,7
اذكر شي يميز المكتبة العامة الحديثة,تعليم,صعب,أقسام هادية للمذاكرة,24,تنوع الكتب,20,إنترنت مجاني,17,فعاليات وورش,15,استعارة إلكترونية,13,كافيه بداخلها,11
اذكر شي تشوفه بحديقة الحيوان,ترفيه,صعب,حيوانات متنوعة,21,أقفاص وأسوار,19,جولات تعليمية,18,إطعام الحيوانات,16,عوايل وأطفال,14,ريحة قوية,12
اذكر شي تشوفه بأكواريوم,ترفيه,صعب,أسماك ملونة,22,نفق زجاجي,20,قروش,18,إضاءة هادية,16,عروض غطس,13,منطقة لمس الكائنات,11
اذكر شي تشوفه بالسيرك,ترفيه,صعب,عروض بهلوانية,24,مهرجين,20,حيوانات مدربة,17,ألعاب نارية,15,موسيقى حماسية,13,مشي على الحبل,11
اذكر شي تشوفه بمعرض الكتاب,تعليم,صعب,دور نشر,21,توقيع كتب,19,خصومات,18,ندوات,16,زحمة,14,كافيهات,12
اذكر شي يصير بمؤتمر تقني,تقنية,صعب,إعلان منتجات جديدة,24,محاضرات لخبراء,20,أجنحة الشركات,17,فرص توظيف,15,تجربة تقنيات,13,توزيع هدايا,11
اذكر شي يميز الدكتور الشاطر,وظائف,صعب,تشخيصه دقيق,22,يصبر على المرضى,20,يسمع لك,18,متابع لأحدث الطب,16,يشرح لك حالتك,13,ما يكثر الأدوية,11
اذكر شي يخلي المعلم محبوب,تعليم,متوسط,شرحه سهل,26,عادل بين الطلاب,22,خفيف دم,19,صبور,15,يهتم بكل طالب,11,ما يعطي واجبات كثيرة,7
اذكر شي يميز الجار الطيب,عادات,متوسط,يحترم خصوصيتك,26,يساعدك وقت الحاجة,22,يرسل أكل بالمناسبات,19,هادي ما يزعج,15,يسلم ويسأل عنك,11,ينتبه لبيتك وأنت مسافر,7
اذكر شي يصير برحلة مدرسية,تعليم,صعب,باص المدرسة,24,زيارة متحف أو حديقة,20,غدا جماعي,17,إشراف المعلمين,15,تصوير,13,حماس وفرح,11
اذكر مدينة خليجية يزورها السعوديين كثير,سفر,سهل,دبي,32,المنامة,26,الكويت,18,الدوحة,12,أبوظبي,7,مسقط,5
اذكر صدقة يقدر يسويها أي شخص,إسلاميات,متوسط,يطعم محتاج,26,سقيا ماء,22,كلمة طيبة,19,يساعد كبير سن,15,يتبرع بملابس,11,يشيل أذى من الطريق,7
اذكر وقت من اليوم تحبه,حياة يومية,صعب,المغرب,22,الفجر,20,الليل المتأخر,18,العصر,16,الضحى,13,بعد صلاة العشا,11
اذكر نشاط تسويه لما الجو يكون حلو,السعودية,متوسط,تمشي,26,شوي بالبر,22,قعدة بالحديقة,19,رياضة برا,15,تطلع الكورنيش,11,قهوة برا,7
اذكر دولة الناس تحب أكلها,أكل وشرب,صعب,إيطاليا,22,اليابان,20,تركيا,18,الهند,16,المكسيك,13,لبنان,11
اذكر شي تشوفه بألوان كثيرة مع بعض,عام,صعب,قوس قزح,24,الورد,20,ألوان الرسم,17,البالونات,15,الحلويات,13,ملابس الأطفال,11
اذكر صوت تعرفه من أول ما تسمعه,عام,سهل,الأذان,32,رنة جوالك,26,المنبه,18,صوت المطر,12,بكاء طفل,7,زامور السيارة,5
اذكر شي يضحك الطفل بسرعة,أطفال,سهل,الدغدغة,30,وجه مضحك,25,صوت غريب,18,لعبة جديدة,12,تختفي وتبين,10,تطيّره بالهوا,5
اذكر شي يخلي هوا الغرفة منعش,بيت,سهل,تفتح النافذة,32,معطر جو,26,المكيف,18,نباتات,12,بخور,7,مروحة,5
اذكر شي تشتاق له لما تسافر بعيد,مشاعر,متوسط,الأهل,26,أكل البيت,22,سريرك,19,الأصحاب,15,روتينك اليومي,11,جو بلدك,7
